Goal,Target,Indicator,SeriesCode,SeriesDescription,GeoAreaCode,GeoAreaName,Activity,Observation Status,Reporting Type,Units,2000,2001,2002,2003,2004,2005,2006,2007,2008,2009,2010,2011,2012,2013,2014,2015,2016,2017,2018,2019,,,,,,,,,,,,,,,,,,,,,
9,9.4,9.4.1,EN_ATM_CO2MVA,Carbon dioxide emissions per unit of manufacturing value added (kilogrammes of CO2 per constant 2015 United States dollars),2,Africa,ISIC4_C,A,G,KG_PER_CON_USD,0.69,0.674,0.655,0.685,0.695,0.752,0.715,0.68,0.645,0.714,0.665,0.624,0.577,0.582,0.567,0.531,0.525,0.533,0.543,0.542,,,,,,,,,,,,,,,,,,,,,
9,9.4,9.4.1,EN_ATM_CO2MVA,Carbon dioxide emissions per unit of manufacturing value added (kilogrammes of CO2 per constant 2015 United States dollars),8,Albania,ISIC4_C,A,G,KG_PER_CON_USD,1.643,1.736,1.455,1.345,1.315,0.975,1.372,1.091,0.946,1.508,1.868,1.652,1.174,0.992,1.446,1.048,0.855,1.402,1.505,1.047,,,,,,,,,,,,,,,,,,,,,
9,9.4,9.4.1,EN_ATM_CO2MVA,Carbon dioxide emissions per unit of manufacturing value added (kilogrammes of CO2 per constant 2015 United States dollars),12,Algeria,ISIC4_C,A,G,KG_PER_CON_USD,0.858,0.854,0.872,0.964,1.065,0.983,0.996,1.102,1.034,1.186,1.113,1.112,1.08,1.019,1.303,1.306,1.273,1.377,1.403,1.5,,,,,,,,,,,,,,,,,,,,,
9,9.4,9.4.1,EN_ATM_CO2MVA,Carbon dioxide emissions per unit of manufacturing value added (kilogrammes of CO2 per constant 2015 United States dollars),19,Americas,ISIC4_C,A,G,KG_PER_CON_USD,0.345,0.341,0.314,0.297,0.293,0.273,0.261,0.248,0.249,0.24,0.27,0.254,0.251,0.244,0.239,0.233,0.231,0.226,0.22,0.21,,,,,,,,,,,,,,,,,,,,,
9,9.4,9.4.1,EN_ATM_CO2MVA,Carbon dioxide emissions per unit of manufacturing value added (kilogrammes of CO2 per constant 2015 United States dollars),24,Angola,ISIC4_C,A,G,KG_PER_CON_USD,0.766,0.706,0.731,0.709,0.707,0.535,0.396,0.433,0.37,0.362,0.351,0.329,0.274,0.154,0.143,0.247,0.253,0.132,0.131,0.17,,,,,,,,,,,,,,,,,,,,,
9,9.4,9.4.1,EN_ATM_CO2MVA,Carbon dioxide emissions per unit of manufacturing value added (kilogrammes of CO2 per constant 2015 United States dollars),32,Argentina,ISIC4_C,A,G,KG_PER_CON_USD,0.286,0.304,0.331,0.317,0.298,0.284,0.281,0.249,0.236,0.216,0.211,0.213,0.204,0.221,0.237,0.237,0.226,0.215,0.246,0.259,,,,,,,,,,,,,,,,,,,,,
9,9.4,9.4.1,EN_ATM_CO2MVA,Carbon dioxide emissions per unit of manufacturing value added (kilogrammes of CO2 per constant 2015 United States dollars),51,Armenia,ISIC4_C,A,G,KG_PER_CON_USD,1.9,2.048,1.747,1.86,1.655,1.884,2.001,1.604,1.827,1.408,0.671,0.691,0.74,0.678,0.448,0.395,0.306,0.316,0.323,0.25,,,,,,,,,,,,,,,,,,,,,
9,9.4,9.4.1,EN_ATM_CO2MVA,Carbon dioxide emissions per unit of manufacturing value added (kilogrammes of CO2 per constant 2015 United States dollars),142,Asia,ISIC4_C,A,G,KG_PER_CON_USD,0.803,0.817,0.802,0.806,0.875,0.966,0.949,0.931,0.922,0.96,0.941,0.932,0.879,0.84,0.794,0.744,0.683,0.638,0.618,0.615,,,,,,,,,,,,,,,,,,,,,
9,9.4,9.4.1,EN_ATM_CO2MVA,Carbon dioxide emissions per unit of manufacturing value added (kilogrammes of CO2 per constant 2015 United States dollars),36,Australia,ISIC4_C,A,G,KG_PER_CON_USD,0.535,0.511,0.39,0.477,0.496,0.479,0.459,0.446,0.485,0.434,0.385,0.397,0.411,0.398,0.401,0.373,0.375,0.363,0.393,0.391,,,,,,,,,,,,,,,,,,,,,
9,9.4,9.4.1,EN_ATM_CO2MVA,Carbon dioxide emissions per unit of manufacturing value added (kilogrammes of CO2 per constant 2015 United States dollars),53,Australia and New Zealand,ISIC4_C,A,G,KG_PER_CON_USD,0.489,0.473,0.373,0.436,0.444,0.421,0.409,0.403,0.44,0.399,0.361,0.368,0.38,0.377,0.385,0.358,0.358,0.345,0.365,0.371,,,,,,,,,,,,,,,,,,,,,
9,9.4,9.4.1,EN_ATM_CO2MVA,Carbon dioxide emissions per unit of manufacturing value added (kilogrammes of CO2 per constant 2015 United States dollars),40,Austria,ISIC4_C,A,G,KG_PER_CON_USD,0.207,0.197,0.196,0.203,0.203,0.183,0.173,0.157,0.159,0.178,0.174,0.164,0.157,0.152,0.146,0.147,0.146,0.138,0.129,0.129,,,,,,,,,,,,,,,,,,,,,
9,9.4,9.4.1,EN_ATM_CO2MVA,Carbon dioxide emissions per unit of manufacturing value added (kilogrammes of CO2 per constant 2015 United States dollars),31,Azerbaijan,ISIC4_C,A,G,KG_PER_CON_USD,2.302,1.782,2.134,1.217,0.909,0.584,0.517,0.948,1.029,0.75,0.577,0.626,0.772,0.765,0.784,0.77,0.936,0.568,0.362,0.624,,,,,,,,,,,,,,,,,,,,,
9,9.4,9.4.1,EN_ATM_CO2MVA,Carbon dioxide emissions per unit of manufacturing value added (kilogrammes of CO2 per constant 2015 United States dollars),48,Bahrain,ISIC4_C,A,G,KG_PER_CON_USD,0.036,0.054,0.053,0.046,0.048,0.052,0.053,0.054,0.058,0.069,0.162,0.171,0.219,0.349,0.426,0.387,0.373,0.342,0.37,0.369,,,,,,,,,,,,,,,,,,,,,
9,9.4,9.4.1,EN_ATM_CO2MVA,Carbon dioxide emissions per unit of manufacturing value added (kilogrammes of CO2 per constant 2015 United States dollars),50,Bangladesh,ISIC4_C,A,G,KG_PER_CON_USD,0.407,0.435,0.446,0.465,0.326,0.345,0.351,0.359,0.392,0.427,0.451,0.413,0.416,0.398,0.37,0.527,0.405,0.427,0.385,0.475,,,,,,,,,,,,,,,,,,,,,
9,9.4,9.4.1,EN_ATM_CO2MVA,Carbon dioxide emissions per unit of manufacturing value added (kilogrammes of CO2 per constant 2015 United States dollars),112,Belarus,ISIC4_C,A,G,KG_PER_CON_USD,0.68,0.655,0.599,0.613,0.554,0.498,0.436,0.43,0.397,0.369,0.357,0.341,0.354,0.38,0.391,0.348,0.357,0.344,0.334,0.338,,,,,,,,,,,,,,,,,,,,,
9,9.4,9.4.1,EN_ATM_CO2MVA,Carbon dioxide emissions per unit of manufacturing value added (kilogrammes of CO2 per constant 2015 United States dollars),56,Belgium,ISIC4_C,A,G,KG_PER_CON_USD,0.546,0.572,0.454,0.466,0.404,0.346,0.368,0.333,0.337,0.329,0.339,0.312,0.312,0.336,0.324,0.312,0.329,0.311,0.32,0.293,,,,,,,,,,,,,,,,,,,,,
9,9.4,9.4.1,EN_ATM_CO2MVA,Carbon dioxide emissions per unit of manufacturing value added (kilogrammes of CO2 per constant 2015 United States dollars),204,Benin,ISIC4_C,A,G,KG_PER_CON_USD,0.11,0.135,0.133,0.123,0.129,0.115,0.111,0.116,0.119,0.148,0.145,0.167,0.159,0.191,0.295,0.304,0.328,0.272,0.095,0.338,,,,,,,,,,,,,,,,,,,,,
9,9.4,9.4.1,EN_ATM_CO2MVA,Carbon dioxide emissions per unit of manufacturing value added (kilogrammes of CO2 per constant 2015 United States dollars),68,Bolivia (Plurinational State of),ISIC4_C,A,G,KG_PER_CON_USD,0.488,0.451,0.488,0.489,0.494,0.506,0.494,0.485,0.484,0.521,0.518,0.559,0.575,0.599,0.622,0.597,0.568,0.567,0.543,0.515,,,,,,,,,,,,,,,,,,,,,
9,9.4,9.4.1,EN_ATM_CO2MVA,Carbon dioxide emissions per unit of manufacturing value added (kilogrammes of CO2 per constant 2015 United States dollars),70,Bosnia and Herzegovina,ISIC4_C,A,G,KG_PER_CON_USD,1.705,1.42,1.464,0.371,0.737,0.89,0.826,0.798,0.79,0.893,0.979,1.088,1.11,1.238,1.076,1.057,0.953,0.923,1.014,0.965,,,,,,,,,,,,,,,,,,,,,
9,9.4,9.4.1,EN_ATM_CO2MVA,Carbon dioxide emissions per unit of manufacturing value added (kilogrammes of CO2 per constant 2015 United States dollars),72,Botswana,ISIC4_C,A,G,KG_PER_CON_USD,0.161,0.504,0.51,0.39,0.213,0.108,0.094,0.931,0.244,0.205,0.101,0.087,0.088,0.091,0.094,0.083,0.078,0.079,0.078,0.078,,,,,,,,,,,,,,,,,,,,,
9,9.4,9.4.1,EN_ATM_CO2MVA,Carbon dioxide emissions per unit of manufacturing value added (kilogrammes of CO2 per constant 2015 United States dollars),76,Brazil,ISIC4_C,A,G,KG_PER_CON_USD,0.476,0.461,0.466,0.451,0.426,0.405,0.4,0.416,0.402,0.404,0.429,0.458,0.453,0.434,0.449,0.472,0.45,0.473,0.447,0.435,,,,,,,,,,,,,,,,,,,,,
9,9.4,9.4.1,EN_ATM_CO2MVA,Carbon dioxide emissions per unit of manufacturing value added (kilogrammes of CO2 per constant 2015 United States dollars),96,Brunei Darussalam,ISIC4_C,A,G,KG_PER_CON_USD,0.072,0.059,0.06,0.061,0.056,0.057,0.906,0.909,0.922,0.514,0.227,0.231,0.272,0.212,0.184,0.221,0.174,0.208,0.185,0.196,,,,,,,,,,,,,,,,,,,,,
9,9.4,9.4.1,EN_ATM_CO2MVA,Carbon dioxide emissions per unit of manufacturing value added (kilogrammes of CO2 per constant 2015 United States dollars),100,Bulgaria,ISIC4_C,A,G,KG_PER_CON_USD,2.152,1.982,1.777,1.71,1.65,1.506,1.38,1.28,0.904,0.55,0.624,0.567,0.469,0.496,0.492,0.494,0.49,0.571,0.609,0.568,,,,,,,,,,,,,,,,,,,,,
9,9.4,9.4.1,EN_ATM_CO2MVA,Carbon dioxide emissions per unit of manufacturing value added (kilogrammes of CO2 per constant 2015 United States dollars),116,Cambodia,ISIC4_C,A,G,KG_PER_CON_USD,0.108,0.097,0.097,0.095,0.09,0.1,0.092,0.09,0.09,0.12,0.359,0.314,0.297,0.253,0.196,0.149,0.234,0.255,0.242,0.269,,,,,,,,,,,,,,,,,,,,,
9,9.4,9.4.1,EN_ATM_CO2MVA,Carbon dioxide emissions per unit of manufacturing value added (kilogrammes of CO2 per constant 2015 United States dollars),120,Cameroon,ISIC4_C,A,G,KG_PER_CON_USD,0.075,0.07,0.071,0.067,0.074,0.058,0.068,0.083,0.09,0.107,0.1,0.096,0.095,0.094,0.098,0.048,0.048,0.047,0.047,0.047,,,,,,,,,,,,,,,,,,,,,
9,9.4,9.4.1,EN_ATM_CO2MVA,Carbon dioxide emissions per unit of manufacturing value added (kilogrammes of CO2 per constant 2015 United States dollars),124,Canada,ISIC4_C,A,G,KG_PER_CON_USD,0.378,0.36,0.353,0.35,0.361,0.341,0.327,0.343,0.341,0.347,0.355,0.368,0.368,0.361,0.348,0.335,0.367,0.358,0.344,0.342,,,,,,,,,,,,,,,,,,,,,
9,9.4,9.4.1,EN_ATM_CO2MVA,Carbon dioxide emissions per unit of manufacturing value added (kilogrammes of CO2 per constant 2015 United States dollars),29,Caribbean,ISIC4_C,A,G,KG_PER_CON_USD,0.736,0.807,0.653,0.546,0.459,0.513,0.551,0.571,0.49,0.47,0.532,0.47,0.475,0.494,0.395,0.423,0.365,0.381,0.367,0.409,,,,,,,,,,,,,,,,,,,,,
9,9.4,9.4.1,EN_ATM_CO2MVA,Carbon dioxide emissions per unit of manufacturing value added (kilogrammes of CO2 per constant 2015 United States dollars),135,Caucasus and Central Asia,ISIC4_C,A,G,KG_PER_CON_USD,1.87,1.99,1.699,1.748,1.903,1.881,1.434,1.673,2.158,1.719,1.713,1.783,1.548,1.619,1.148,0.897,0.822,0.888,0.805,0.761,,,,,,,,,,,,,,,,,,,,,
9,9.4,9.4.1,EN_ATM_CO2MVA,Carbon dioxide emissions per unit of manufacturing value added (kilogrammes of CO2 per constant 2015 United States dollars),13,Central America,ISIC4_C,A,G,KG_PER_CON_USD,0.29,0.271,0.292,0.3,0.315,0.331,0.354,0.334,0.342,0.308,0.338,0.359,0.32,0.334,0.291,0.312,0.29,0.307,0.251,0.252,,,,,,,,,,,,,,,,,,,,,
9,9.4,9.4.1,EN_ATM_CO2MVA,Carbon dioxide emissions per unit of manufacturing value added (kilogrammes of CO2 per constant 2015 United States dollars),62,Central and Southern Asia,ISIC4_C,A,G,KG_PER_CON_USD,1.611,1.577,1.551,1.472,1.455,1.466,1.362,1.469,1.5,1.47,1.497,1.561,1.464,1.508,1.45,1.335,1.287,1.307,1.241,1.274,,,,,,,,,,,,,,,,,,,,,
9,9.4,9.4.1,EN_ATM_CO2MVA,Carbon dioxide emissions per unit of manufacturing value added (kilogrammes of CO2 per constant 2015 United States dollars),143,Central Asia,ISIC4_C,A,G,KG_PER_CON_USD,1.864,2.034,1.708,1.811,2.013,2.014,1.515,1.769,2.284,1.807,1.828,1.891,1.627,1.702,1.189,0.911,0.824,0.916,0.837,0.783,,,,,,,,,,,,,,,,,,,,,
9,9.4,9.4.1,EN_ATM_CO2MVA,Carbon dioxide emissions per unit of manufacturing value added (kilogrammes of CO2 per constant 2015 United States dollars),152,Chile,ISIC4_C,A,G,KG_PER_CON_USD,0.307,0.353,0.296,0.329,0.297,0.271,0.301,0.28,0.279,0.246,0.242,0.254,0.216,0.252,0.277,0.258,0.261,0.219,0.197,0.21,,,,,,,,,,,,,,,,,,,,,
9,9.4,9.4.1,EN_ATM_CO2MVA,Carbon dioxide emissions per unit of manufacturing value added (kilogrammes of CO2 per constant 2015 United States dollars),156,China,ISIC4_C,A,G,KG_PER_CON_USD,1.208,1.181,1.12,1.155,1.382,1.638,1.554,1.457,1.414,1.354,1.33,1.271,1.173,1.092,1.002,0.911,0.819,0.731,0.708,0.678,,,,,,,,,,,,,,,,,,,,,
9,9.4,9.4.1,EN_ATM_CO2MVA,Carbon dioxide emissions per unit of manufacturing value added (kilogrammes of CO2 per constant 2015 United States dollars),344,"China, Hong Kong Special Administrative Region",ISIC4_C,A,G,KG_PER_CON_USD,0.832,0.804,0.69,0.763,0.478,0.458,0.456,0.564,0.69,0.618,0.539,0.512,0.502,0.522,0.521,0.612,0.659,0.741,0.7,0.717,,,,,,,,,,,,,,,,,,,,,
9,9.4,9.4.1,EN_ATM_CO2MVA,Carbon dioxide emissions per unit of manufacturing value added (kilogrammes of CO2 per constant 2015 United States dollars),170,Colombia,ISIC4_C,A,G,KG_PER_CON_USD,0.669,0.651,0.646,0.547,0.499,0.492,0.427,0.407,0.464,0.408,0.413,0.488,0.382,0.419,0.393,0.335,0.333,0.349,0.344,0.325,,,,,,,,,,,,,,,,,,,,,
9,9.4,9.4.1,EN_ATM_CO2MVA,Carbon dioxide emissions per unit of manufacturing value added (kilogrammes of CO2 per constant 2015 United States dollars),178,Congo,ISIC4_C,A,G,KG_PER_CON_USD,0.008,0.024,0.01,0.063,0.032,0.03,0.042,0.034,0.077,0.061,0.031,0.042,0.125,0.088,0.065,0.125,0.091,0.125,0.152,0.163,,,,,,,,,,,,,,,,,,,,,
9,9.4,9.4.1,EN_ATM_CO2MVA,Carbon dioxide emissions per unit of manufacturing value added (kilogrammes of CO2 per constant 2015 United States dollars),188,Costa Rica,ISIC4_C,A,G,KG_PER_CON_USD,0.154,0.163,0.125,0.164,0.151,0.157,0.155,0.183,0.179,0.173,0.161,0.17,0.16,0.154,0.151,0.155,0.16,0.161,0.148,0.119,,,,,,,,,,,,,,,,,,,,,
9,9.4,9.4.1,EN_ATM_CO2MVA,Carbon dioxide emissions per unit of manufacturing value added (kilogrammes of CO2 per constant 2015 United States dollars),384,Côte d'Ivoire,ISIC4_C,A,G,KG_PER_CON_USD,0.223,0.255,0.221,0.139,0.145,0.097,0.141,0.1,0.135,0.279,0.272,0.303,0.265,0.28,0.279,0.289,0.156,0.213,0.131,0.132,,,,,,,,,,,,,,,,,,,,,
9,9.4,9.4.1,EN_ATM_CO2MVA,Carbon dioxide emissions per unit of manufacturing value added (kilogrammes of CO2 per constant 2015 United States dollars),191,Croatia,ISIC4_C,A,G,KG_PER_CON_USD,0.426,0.446,0.417,0.394,0.45,0.439,0.439,0.408,0.404,0.379,0.383,0.351,0.32,0.327,0.314,0.29,0.273,0.289,0.288,0.279,,,,,,,,,,,,,,,,,,,,,
9,9.4,9.4.1,EN_ATM_CO2MVA,Carbon dioxide emissions per unit of manufacturing value added (kilogrammes of CO2 per constant 2015 United States dollars),192,Cuba,ISIC4_C,A,G,KG_PER_CON_USD,1.207,1.304,0.86,0.622,0.521,0.619,0.735,0.711,0.584,0.559,0.621,0.53,0.557,0.547,0.348,0.474,0.392,0.436,0.431,0.495,,,,,,,,,,,,,,,,,,,,,
9,9.4,9.4.1,EN_ATM_CO2MVA,Carbon dioxide emissions per unit of manufacturing value added (kilogrammes of CO2 per constant 2015 United States dollars),531,Curaçao,ISIC4_C,A,G,KG_PER_CON_USD,,,,,,,,,,,,2.241,1.48,1.466,1.497,1.421,1.275,1.31,1.488,1.851,,,,,,,,,,,,,,,,,,,,,
9,9.4,9.4.1,EN_ATM_CO2MVA,Carbon dioxide emissions per unit of manufacturing value added (kilogrammes of CO2 per constant 2015 United States dollars),196,Cyprus,ISIC4_C,A,G,KG_PER_CON_USD,1.18,1.157,1.126,1.127,1.15,0.836,0.754,0.761,0.724,0.672,0.604,0.559,0.464,0.66,0.839,0.683,0.584,0.519,0.396,0.363,,,,,,,,,,,,,,,,,,,,,
9,9.4,9.4.1,EN_ATM_CO2MVA,Carbon dioxide emissions per unit of manufacturing value added (kilogrammes of CO2 per constant 2015 United States dollars),203,Czechia,ISIC4_C,A,G,KG_PER_CON_USD,1.108,0.983,0.866,0.885,0.819,0.696,0.568,0.487,0.426,0.472,0.333,0.29,0.296,0.28,0.265,0.249,0.232,0.229,0.23,0.207,,,,,,,,,,,,,,,,,,,,,
9,9.4,9.4.1,EN_ATM_CO2MVA,Carbon dioxide emissions per unit of manufacturing value added (kilogrammes of CO2 per constant 2015 United States dollars),408,Democratic People's Republic of Korea,ISIC4_C,A,G,KG_PER_CON_USD,13.783,13.966,13.601,13.561,13.828,13.899,14.175,11.507,12.512,9.565,8.92,6.332,6.571,4.364,5.023,4.026,4.723,9.856,10.048,11.324,,,,,,,,,,,,,,,,,,,,,
9,9.4,9.4.1,EN_ATM_CO2MVA,Carbon dioxide emissions per unit of manufacturing value added (kilogrammes of CO2 per constant 2015 United States dollars),180,Democratic Republic of the Congo,ISIC4_C,A,G,KG_PER_CON_USD,0.008,0.012,0.014,0.021,0.023,0.027,0.03,0.028,0.027,0.029,0.031,0.031,0.027,0.025,0.022,0.008,0.01,0.007,0.006,0.002,,,,,,,,,,,,,,,,,,,,,
9,9.4,9.4.1,EN_ATM_CO2MVA,Carbon dioxide emissions per unit of manufacturing value added (kilogrammes of CO2 per constant 2015 United States dollars),208,Denmark,ISIC4_C,A,G,KG_PER_CON_USD,0.132,0.133,0.126,0.132,0.133,0.129,0.129,0.123,0.111,0.103,0.104,0.098,0.088,0.079,0.079,0.077,0.075,0.073,0.07,0.064,,,,,,,,,,,,,,,,,,,,,
9,9.4,9.4.1,EN_ATM_CO2MVA,Carbon dioxide emissions per unit of manufacturing value added (kilogrammes of CO2 per constant 2015 United States dollars),514,"Developed regions (Europe, Cyprus, Israel, Northern America, Japan, Australia & New Zealand)",ISIC4_C,A,G,KG_PER_CON_USD,0.348,0.344,0.324,0.316,0.303,0.28,0.263,0.256,0.251,0.249,0.254,0.243,0.247,0.242,0.237,0.226,0.224,0.214,0.209,0.205,,,,,,,,,,,,,,,,,,,,,
9,9.4,9.4.1,EN_ATM_CO2MVA,Carbon dioxide emissions per unit of manufacturing value added (kilogrammes of CO2 per constant 2015 United States dollars),515,Developing regions,ISIC4_C,A,G,KG_PER_CON_USD,0.881,0.88,0.86,0.871,0.939,1.037,1.016,0.991,0.979,0.988,0.988,0.965,0.909,0.865,0.821,0.773,0.711,0.669,0.65,0.645,,,,,,,,,,,,,,,,,,,,,
9,9.4,9.4.1,EN_ATM_CO2MVA,Carbon dioxide emissions per unit of manufacturing value added (kilogrammes of CO2 per constant 2015 United States dollars),214,Dominican Republic,ISIC4_C,A,G,KG_PER_CON_USD,0.173,0.176,0.285,0.281,0.212,0.225,0.296,0.272,0.269,0.289,0.309,0.25,0.267,0.323,0.277,0.273,0.289,0.282,0.26,0.308,,,,,,,,,,,,,,,,,,,,,
9,9.4,9.4.1,EN_ATM_CO2MVA,Carbon dioxide emissions per unit of manufacturing value added (kilogrammes of CO2 per constant 2015 United States dollars),14,Eastern Africa,ISIC4_C,A,G,KG_PER_CON_USD,0.617,0.61,0.606,0.544,0.492,0.505,0.549,0.53,0.445,0.381,0.44,0.519,0.475,0.484,0.554,0.541,0.541,0.534,0.506,0.714,,,,,,,,,,,,,,,,,,,,,
9,9.4,9.4.1,EN_ATM_CO2MVA,Carbon dioxide emissions per unit of manufacturing value added (kilogrammes of CO2 per constant 2015 United States dollars),753,Eastern and South-Eastern Asia,ISIC4_C,A,G,KG_PER_CON_USD,0.707,0.726,0.705,0.722,0.811,0.921,0.909,0.876,0.868,0.904,0.879,0.867,0.816,0.771,0.724,0.676,0.611,0.56,0.548,0.54,,,,,,,,,,,,,,,,,,,,,
9,9.4,9.4.1,EN_ATM_CO2MVA,Carbon dioxide emissions per unit of manufacturing value added (kilogrammes of CO2 per constant 2015 United States dollars),30,Eastern Asia,ISIC4_C,A,G,KG_PER_CON_USD,0.733,0.751,0.731,0.744,0.847,0.973,0.951,0.911,0.906,0.945,0.91,0.898,0.847,0.806,0.751,0.692,0.634,0.575,0.558,0.54,,,,,,,,,,,,,,,,,,,,,
9,9.4,9.4.1,EN_ATM_CO2MVA,Carbon dioxide emissions per unit of manufacturing value added (kilogrammes of CO2 per constant 2015 United States dollars),518,Eastern Asia (excluding Japan),ISIC4_C,A,G,KG_PER_CON_USD,1.084,1.069,0.999,1.018,1.177,1.369,1.312,1.23,1.206,1.172,1.142,1.095,1.021,0.956,0.881,0.808,0.731,0.659,0.639,0.614,,,,,,,,,,,,,,,,,,,,,
9,9.4,9.4.1,EN_ATM_CO2MVA,Carbon dioxide emissions per unit of manufacturing value added (kilogrammes of CO2 per constant 2015 United States dollars),151,Eastern Europe,ISIC4_C,A,G,KG_PER_CON_USD,1.611,1.507,1.441,1.33,1.211,1.037,0.942,0.933,0.867,0.859,0.842,0.826,0.902,0.882,0.898,0.842,0.832,0.795,0.742,0.771,,,,,,,,,,,,,,,,,,,,,
9,9.4,9.4.1,EN_ATM_CO2MVA,Carbon dioxide emissions per unit of manufacturing value added (kilogrammes of CO2 per constant 2015 United States dollars),218,Ecuador,ISIC4_C,A,G,KG_PER_CON_USD,0.289,0.278,0.296,0.284,0.268,0.269,0.244,0.177,0.186,0.217,0.222,0.213,0.217,0.242,0.258,0.223,0.155,0.143,0.16,0.141,,,,,,,,,,,,,,,,,,,,,
9,9.4,9.4.1,EN_ATM_CO2MVA,Carbon dioxide emissions per unit of manufacturing value added (kilogrammes of CO2 per constant 2015 United States dollars),818,Egypt,ISIC4_C,A,G,KG_PER_CON_USD,0.825,1.025,0.927,0.845,0.687,0.918,0.899,0.959,0.823,0.688,0.66,0.666,0.587,0.643,0.56,0.539,0.506,0.637,0.711,0.666,,,,,,,,,,,,,,,,,,,,,
9,9.4,9.4.1,EN_ATM_CO2MVA,Carbon dioxide emissions per unit of manufacturing value added (kilogrammes of CO2 per constant 2015 United States dollars),222,El Salvador,ISIC4_C,A,G,KG_PER_CON_USD,0.325,0.334,0.349,0.352,0.407,0.396,0.399,0.463,0.351,0.234,0.259,0.29,0.359,0.233,0.282,0.247,0.306,0.325,0.356,0.396,,,,,,,,,,,,,,,,,,,,,
9,9.4,9.4.1,EN_ATM_CO2MVA,Carbon dioxide emissions per unit of manufacturing value added (kilogrammes of CO2 per constant 2015 United States dollars),226,Equatorial Guinea,ISIC4_C,A,G,KG_PER_CON_USD,0.24,1.852,6.09,5.321,5.824,8.754,8.976,3.262,2.445,2.227,2.559,2.51,2.685,2.057,1.599,1.339,1.49,1.258,1.711,1.404,,,,,,,,,,,,,,,,,,,,,
9,9.4,9.4.1,EN_ATM_CO2MVA,Carbon dioxide emissions per unit of manufacturing value added (kilogrammes of CO2 per constant 2015 United States dollars),232,Eritrea,ISIC4_C,A,G,KG_PER_CON_USD,0.206,0.292,0.239,0.265,0.261,0.271,0.251,0.239,0.214,0.299,0.193,0.15,0.151,0.169,0.125,0.155,0.141,0.16,0.17,0.17,,,,,,,,,,,,,,,,,,,,,
9,9.4,9.4.1,EN_ATM_CO2MVA,Carbon dioxide emissions per unit of manufacturing value added (kilogrammes of CO2 per constant 2015 United States dollars),233,Estonia,ISIC4_C,A,G,KG_PER_CON_USD,0.528,0.565,0.355,0.387,0.399,0.391,0.342,0.433,0.412,0.328,0.267,0.28,0.245,0.316,0.211,0.164,0.152,0.143,0.135,0.159,,,,,,,,,,,,,,,,,,,,,
9,9.4,9.4.1,EN_ATM_CO2MVA,Carbon dioxide emissions per unit of manufacturing value added (kilogrammes of CO2 per constant 2015 United States dollars),231,Ethiopia,ISIC4_C,A,G,KG_PER_CON_USD,1.238,1.449,1.498,1.4,1.545,1.414,1.368,1.376,1.289,1.16,1.321,1.596,1.333,1.428,1.617,1.244,1.3,1.055,1.095,1.101,,,,,,,,,,,,,,,,,,,,,
9,9.4,9.4.1,EN_ATM_CO2MVA,Carbon dioxide emissions per unit of manufacturing value added (kilogrammes of CO2 per constant 2015 United States dollars),150,Europe,ISIC4_C,A,G,KG_PER_CON_USD,0.38,0.371,0.36,0.361,0.342,0.315,0.293,0.29,0.283,0.278,0.276,0.267,0.278,0.272,0.266,0.251,0.246,0.236,0.227,0.228,,,,,,,,,,,,,,,,,,,,,
9,9.4,9.4.1,EN_ATM_CO2MVA,Carbon dioxide emissions per unit of manufacturing value added (kilogrammes of CO2 per constant 2015 United States dollars),513,Europe and Northern America,ISIC4_C,A,G,KG_PER_CON_USD,0.356,0.349,0.326,0.318,0.306,0.28,0.262,0.256,0.253,0.245,0.257,0.241,0.247,0.239,0.236,0.226,0.225,0.215,0.21,0.206,,,,,,,,,,,,,,,,,,,,,
9,9.4,9.4.1,EN_ATM_CO2MVA,Carbon dioxide emissions per unit of manufacturing value added (kilogrammes of CO2 per constant 2015 United States dollars),246,Finland,ISIC4_C,A,G,KG_PER_CON_USD,0.3,0.288,0.268,0.249,0.242,0.221,0.198,0.171,0.165,0.175,0.203,0.185,0.187,0.18,0.182,0.18,0.174,0.157,0.174,0.149,,,,,,,,,,,,,,,,,,,,,
9,9.4,9.4.1,EN_ATM_CO2MVA,Carbon dioxide emissions per unit of manufacturing value added (kilogrammes of CO2 per constant 2015 United States dollars),250,France,ISIC4_C,A,G,KG_PER_CON_USD,0.228,0.24,0.226,0.218,0.199,0.206,0.201,0.196,0.196,0.163,0.175,0.187,0.178,0.183,0.17,0.161,0.167,0.145,0.139,0.129,,,,,,,,,,,,,,,,,,,,,
9,9.4,9.4.1,EN_ATM_CO2MVA,Carbon dioxide emissions per unit of manufacturing value added (kilogrammes of CO2 per constant 2015 United States dollars),266,Gabon,ISIC4_C,A,G,KG_PER_CON_USD,1.289,1.239,0.686,0.763,0.702,1.025,1.192,0.854,1.154,1.243,1.239,1.374,1.359,1.505,1.342,1.298,1.227,0.483,0.427,0.416,,,,,,,,,,,,,,,,,,,,,
9,9.4,9.4.1,EN_ATM_CO2MVA,Carbon dioxide emissions per unit of manufacturing value added (kilogrammes of CO2 per constant 2015 United States dollars),268,Georgia,ISIC4_C,A,G,KG_PER_CON_USD,1.153,0.563,0.395,0.505,0.358,0.359,0.468,0.442,0.594,0.688,0.544,0.839,0.791,1.021,0.92,1.032,0.931,1.002,0.999,0.819,,,,,,,,,,,,,,,,,,,,,
9,9.4,9.4.1,EN_ATM_CO2MVA,Carbon dioxide emissions per unit of manufacturing value added (kilogrammes of CO2 per constant 2015 United States dollars),276,Germany,ISIC4_C,A,G,KG_PER_CON_USD,0.185,0.172,0.175,0.181,0.171,0.165,0.155,0.148,0.157,0.17,0.159,0.145,0.144,0.143,0.132,0.137,0.129,0.127,0.125,0.122,,,,,,,,,,,,,,,,,,,,,
9,9.4,9.4.1,EN_ATM_CO2MVA,Carbon dioxide emissions per unit of manufacturing value added (kilogrammes of CO2 per constant 2015 United States dollars),288,Ghana,ISIC4_C,A,G,KG_PER_CON_USD,0.205,0.191,0.231,0.219,0.23,0.228,0.238,0.245,0.258,0.303,0.271,0.263,0.296,0.309,0.308,0.322,0.28,0.306,0.332,0.339,,,,,,,,,,,,,,,,,,,,,
9,9.4,9.4.1,EN_ATM_CO2MVA,Carbon dioxide emissions per unit of manufacturing value added (kilogrammes of CO2 per constant 2015 United States dollars),300,Greece,ISIC4_C,A,G,KG_PER_CON_USD,0.415,0.383,0.345,0.329,0.311,0.304,0.317,0.347,0.306,0.236,0.287,0.29,0.321,0.331,0.334,0.349,0.376,0.284,0.259,0.231,,,,,,,,,,,,,,,,,,,,,
9,9.4,9.4.1,EN_ATM_CO2MVA,Carbon dioxide emissions per unit of manufacturing value added (kilogrammes of CO2 per constant 2015 United States dollars),320,Guatemala,ISIC4_C,A,G,KG_PER_CON_USD,0.216,0.221,0.168,0.172,0.143,0.216,0.224,0.262,0.201,0.174,0.178,0.216,0.208,0.207,0.212,0.222,0.222,0.206,0.199,0.175,,,,,,,,,,,,,,,,,,,,,
9,9.4,9.4.1,EN_ATM_CO2MVA,Carbon dioxide emissions per unit of manufacturing value added (kilogrammes of CO2 per constant 2015 United States dollars),328,Guyana,ISIC4_C,A,G,KG_PER_CON_USD,1.361,1.168,2.044,1.092,1.01,0.391,0.281,0.666,0.661,0.435,0.329,0.29,0.346,0.294,0.29,0.264,0.371,0.338,0.357,0.347,,,,,,,,,,,,,,,,,,,,,
9,9.4,9.4.1,EN_ATM_CO2MVA,Carbon dioxide emissions per unit of manufacturing value added (kilogrammes of CO2 per constant 2015 United States dollars),332,Haiti,ISIC4_C,A,G,KG_PER_CON_USD,0.158,0.158,0.275,0.262,0.214,0.216,0.212,0.276,0.274,0.23,0.295,0.296,0.173,0.227,0.298,0.247,0.245,0.235,0.247,0.248,,,,,,,,,,,,,,,,,,,,,
9,9.4,9.4.1,EN_ATM_CO2MVA,Carbon dioxide emissions per unit of manufacturing value added (kilogrammes of CO2 per constant 2015 United States dollars),340,Honduras,ISIC4_C,A,G,KG_PER_CON_USD,0.483,0.29,0.302,0.324,0.369,0.592,0.66,0.598,0.566,0.58,0.615,0.607,0.654,0.614,0.498,0.359,0.376,0.312,0.275,0.275,,,,,,,,,,,,,,,,,,,,,
9,9.4,9.4.1,EN_ATM_CO2MVA,Carbon dioxide emissions per unit of manufacturing value added (kilogrammes of CO2 per constant 2015 United States dollars),348,Hungary,ISIC4_C,A,G,KG_PER_CON_USD,0.34,0.337,0.316,0.283,0.264,0.254,0.231,0.216,0.217,0.192,0.188,0.238,0.21,0.238,0.208,0.207,0.206,0.223,0.221,0.215,,,,,,,,,,,,,,,,,,,,,
9,9.4,9.4.1,EN_ATM_CO2MVA,Carbon dioxide emissions per unit of manufacturing value added (kilogrammes of CO2 per constant 2015 United States dollars),352,Iceland,ISIC4_C,A,G,KG_PER_CON_USD,0.485,0.476,0.525,0.472,0.465,0.47,0.408,0.378,0.299,0.277,0.278,0.251,0.257,0.273,0.274,0.237,0.018,0.011,0.009,0.006,,,,,,,,,,,,,,,,,,,,,
9,9.4,9.4.1,EN_ATM_CO2MVA,Carbon dioxide emissions per unit of manufacturing value added (kilogrammes of CO2 per constant 2015 United States dollars),356,India,ISIC4_C,A,G,KG_PER_CON_USD,1.725,1.68,1.722,1.538,1.473,1.507,1.426,1.51,1.505,1.564,1.628,1.762,1.631,1.695,1.676,1.487,1.435,1.444,1.349,1.416,,,,,,,,,,,,,,,,,,,,,
9,9.4,9.4.1,EN_ATM_CO2MVA,Carbon dioxide emissions per unit of manufacturing value added (kilogrammes of CO2 per constant 2015 United States dollars),360,Indonesia,ISIC4_C,A,G,KG_PER_CON_USD,0.592,0.619,0.558,0.681,0.666,0.65,0.82,0.838,0.661,0.71,0.867,0.873,0.713,0.443,0.484,0.524,0.427,0.475,0.537,0.689,,,,,,,,,,,,,,,,,,,,,
9,9.4,9.4.1,EN_ATM_CO2MVA,Carbon dioxide emissions per unit of manufacturing value added (kilogrammes of CO2 per constant 2015 United States dollars),364,Iran (Islamic Republic of),ISIC4_C,A,G,KG_PER_CON_USD,1.919,1.723,1.563,1.552,1.582,1.558,1.489,1.725,1.73,1.536,1.45,1.341,1.447,1.529,1.523,1.576,1.516,1.515,1.676,1.655,,,,,,,,,,,,,,,,,,,,,
9,9.4,9.4.1,EN_ATM_CO2MVA,Carbon dioxide emissions per unit of manufacturing value added (kilogrammes of CO2 per constant 2015 United States dollars),368,Iraq,ISIC4_C,A,G,KG_PER_CON_USD,1.754,1.667,1.654,1.66,2.262,2.147,1.872,2.104,1.647,1.278,1.278,1.386,2.287,2.184,2.089,2.19,2.21,2.183,2.266,2.25,,,,,,,,,,,,,,,,,,,,,
9,9.4,9.4.1,EN_ATM_CO2MVA,Carbon dioxide emissions per unit of manufacturing value added (kilogrammes of CO2 per constant 2015 United States dollars),372,Ireland,ISIC4_C,A,G,KG_PER_CON_USD,0.113,0.108,0.09,0.094,0.096,0.093,0.091,0.075,0.083,0.067,0.064,0.059,0.06,0.063,0.061,0.033,0.035,0.035,0.033,0.032,,,,,,,,,,,,,,,,,,,,,
9,9.4,9.4.1,EN_ATM_CO2MVA,Carbon dioxide emissions per unit of manufacturing value added (kilogrammes of CO2 per constant 2015 United States dollars),376,Israel,ISIC4_C,A,G,KG_PER_CON_USD,0.045,0.044,0.045,0.035,0.03,0.026,0.026,0.026,0.047,0.061,0.079,0.022,0.034,0.129,0.132,0.111,0.105,0.119,0.099,0.111,,,,,,,,,,,,,,,,,,,,,
9,9.4,9.4.1,EN_ATM_CO2MVA,Carbon dioxide emissions per unit of manufacturing value added (kilogrammes of CO2 per constant 2015 United States dollars),380,Italy,ISIC4_C,A,G,KG_PER_CON_USD,0.253,0.245,0.243,0.271,0.238,0.23,0.204,0.194,0.189,0.176,0.17,0.162,0.163,0.145,0.133,0.129,0.125,0.111,0.11,0.107,,,,,,,,,,,,,,,,,,,,,
9,9.4,9.4.1,EN_ATM_CO2MVA,Carbon dioxide emissions per unit of manufacturing value added (kilogrammes of CO2 per constant 2015 United States dollars),388,Jamaica,ISIC4_C,A,G,KG_PER_CON_USD,0.278,0.295,0.456,0.457,0.303,0.25,0.274,0.27,0.219,0.26,0.193,0.279,0.266,0.335,0.239,0.268,0.245,0.25,0.286,0.255,,,,,,,,,,,,,,,,,,,,,
9,9.4,9.4.1,EN_ATM_CO2MVA,Carbon dioxide emissions per unit of manufacturing value added (kilogrammes of CO2 per constant 2015 United States dollars),392,Japan,ISIC4_C,A,G,KG_PER_CON_USD,0.298,0.307,0.315,0.298,0.282,0.271,0.262,0.246,0.226,0.26,0.236,0.249,0.24,0.243,0.23,0.215,0.208,0.2,0.192,0.189,,,,,,,,,,,,,,,,,,,,,
9,9.4,9.4.1,EN_ATM_CO2MVA,Carbon dioxide emissions per unit of manufacturing value added (kilogrammes of CO2 per constant 2015 United States dollars),400,Jordan,ISIC4_C,A,G,KG_PER_CON_USD,0.789,0.698,0.585,0.585,0.61,0.618,0.564,0.511,0.428,0.428,0.363,0.315,0.323,0.276,0.337,0.26,0.301,0.227,0.221,0.222,,,,,,,,,,,,,,,,,,,,,
9,9.4,9.4.1,EN_ATM_CO2MVA,Carbon dioxide emissions per unit of manufacturing value added (kilogrammes of CO2 per constant 2015 United States dollars),398,Kazakhstan,ISIC4_C,A,G,KG_PER_CON_USD,2.176,2.626,1.744,2.062,2.491,2.672,1.698,2.315,4.136,3.298,3.176,3.591,3.159,3.445,2.24,1.538,1.257,1.341,1.23,0.975,,,,,,,,,,,,,,,,,,,,,
9,9.4,9.4.1,EN_ATM_CO2MVA,Carbon dioxide emissions per unit of manufacturing value added (kilogrammes of CO2 per constant 2015 United States dollars),404,Kenya,ISIC4_C,A,G,KG_PER_CON_USD,0.335,0.371,0.419,0.357,0.334,0.367,0.435,0.391,0.376,0.377,0.467,0.491,0.369,0.394,0.518,0.577,0.577,0.562,0.435,1.085,,,,,,,,,,,,,,,,,,,,,
9,9.4,9.4.1,EN_ATM_CO2MVA,Carbon dioxide emissions per unit of manufacturing value added (kilogrammes of CO2 per constant 2015 United States dollars),414,Kuwait,ISIC4_C,A,G,KG_PER_CON_USD,1.793,1.783,1.311,1.41,1.204,1.65,1.502,1.127,1.192,1.419,1.492,1.444,1.199,1.258,1.149,1.388,1.197,1.064,0.903,0.967,,,,,,,,,,,,,,,,,,,,,
9,9.4,9.4.1,EN_ATM_CO2MVA,Carbon dioxide emissions per unit of manufacturing value added (kilogrammes of CO2 per constant 2015 United States dollars),417,Kyrgyzstan,ISIC4_C,A,G,KG_PER_CON_USD,0.985,0.666,1.797,1.721,1.594,0.868,0.981,1.246,1.098,0.471,0.643,0.558,2.084,0.658,1.26,1.756,0.773,0.633,0.933,0.623,,,,,,,,,,,,,,,,,,,,,
9,9.4,9.4.1,EN_ATM_CO2MVA,Carbon dioxide emissions per unit of manufacturing value added (kilogrammes of CO2 per constant 2015 United States dollars),432,Landlocked developing countries (LLDCs),ISIC4_C,A,G,KG_PER_CON_USD,1.407,1.507,1.313,1.353,1.449,1.478,1.198,1.386,1.722,1.374,1.399,1.473,1.308,1.324,0.99,0.794,0.734,0.769,0.728,0.696,,,,,,,,,,,,,,,,,,,,,
9,9.4,9.4.1,EN_ATM_CO2MVA,Carbon dioxide emissions per unit of manufacturing value added (kilogrammes of CO2 per constant 2015 United States dollars),418,Lao People's Democratic Republic,ISIC4_C,A,G,KG_PER_CON_USD,0.258,0.239,0.289,0.286,0.296,0.298,0.796,0.636,0.785,0.868,1.127,1.186,1.016,1.367,1.118,1.376,0.433,0.438,0.469,0.469,,,,,,,,,,,,,,,,,,,,,
9,9.4,9.4.1,EN_ATM_CO2MVA,Carbon dioxide emissions per unit of manufacturing value added (kilogrammes of CO2 per constant 2015 United States dollars),419,Latin America and the Caribbean,ISIC4_C,A,G,KG_PER_CON_USD,0.401,0.397,0.414,0.404,0.391,0.384,0.379,0.35,0.352,0.34,0.378,0.389,0.369,0.37,0.356,0.35,0.332,0.347,0.327,0.319,,,,,,,,,,,,,,,,,,,,,
9,9.4,9.4.1,EN_ATM_CO2MVA,Carbon dioxide emissions per unit of manufacturing value added (kilogrammes of CO2 per constant 2015 United States dollars),428,Latvia,ISIC4_C,A,G,KG_PER_CON_USD,0.459,0.415,0.386,0.393,0.371,0.356,0.339,0.335,0.339,0.341,0.406,0.342,0.332,0.276,0.274,0.232,0.189,0.173,0.203,0.175,,,,,,,,,,,,,,,,,,,,,
9,9.4,9.4.1,EN_ATM_CO2MVA,Carbon dioxide emissions per unit of manufacturing value added (kilogrammes of CO2 per constant 2015 United States dollars),199,Least Developed Countries (LDCs),ISIC4_C,A,G,KG_PER_CON_USD,0.423,0.434,0.4,0.447,0.386,0.399,0.388,0.401,0.395,0.428,0.471,0.406,0.39,0.379,0.389,0.418,0.341,0.344,0.337,0.38,,,,,,,,,,,,,,,,,,,,,
9,9.4,9.4.1,EN_ATM_CO2MVA,Carbon dioxide emissions per unit of manufacturing value added (kilogrammes of CO2 per constant 2015 United States dollars),422,Lebanon,ISIC4_C,A,G,KG_PER_CON_USD,0.472,0.681,0.435,0.565,0.639,0.598,0.257,0.144,0.242,0.294,0.2,0.279,0.266,0.222,0.281,0.296,0.285,0.306,0.316,0.282,,,,,,,,,,,,,,,,,,,,,
9,9.4,9.4.1,EN_ATM_CO2MVA,Carbon dioxide emissions per unit of manufacturing value added (kilogrammes of CO2 per constant 2015 United States dollars),434,Libya,ISIC4_C,A,G,KG_PER_CON_USD,2.58,2.808,2.594,2.24,2.497,2.417,0.921,0.879,1.127,1.268,1.262,2.216,1.094,1.98,1.716,1.371,2.237,2.329,2.219,2.55,,,,,,,,,,,,,,,,,,,,,
9,9.4,9.4.1,EN_ATM_CO2MVA,Carbon dioxide emissions per unit of manufacturing value added (kilogrammes of CO2 per constant 2015 United States dollars),440,Lithuania,ISIC4_C,A,G,KG_PER_CON_USD,0.323,0.276,0.278,0.249,0.239,0.271,0.268,0.257,0.223,0.22,0.216,0.212,0.217,0.199,0.177,0.155,0.146,0.138,0.144,0.142,,,,,,,,,,,,,,,,,,,,,
9,9.4,9.4.1,EN_ATM_CO2MVA,Carbon dioxide emissions per unit of manufacturing value added (kilogrammes of CO2 per constant 2015 United States dollars),442,Luxembourg,ISIC4_C,A,G,KG_PER_CON_USD,0.441,0.503,0.414,0.33,0.383,0.381,0.429,0.343,0.405,0.423,0.433,0.457,0.418,0.357,0.346,0.282,0.269,0.306,0.321,0.279,,,,,,,,,,,,,,,,,,,,,
9,9.4,9.4.1,EN_ATM_CO2MVA,Carbon dioxide emissions per unit of manufacturing value added (kilogrammes of CO2 per constant 2015 United States dollars),458,Malaysia,ISIC4_C,A,G,KG_PER_CON_USD,0.694,0.742,0.766,0.73,0.751,0.753,0.756,0.84,0.829,0.625,0.574,0.51,0.547,0.482,0.446,0.429,0.422,0.436,0.454,0.457,,,,,,,,,,,,,,,,,,,,,
9,9.4,9.4.1,EN_ATM_CO2MVA,Carbon dioxide emissions per unit of manufacturing value added (kilogrammes of CO2 per constant 2015 United States dollars),470,Malta,ISIC4_C,A,G,KG_PER_CON_USD,0,0,0,0,0,0.039,0.043,0.048,0.041,0.033,0.036,0.018,0.032,0.056,0.067,0.064,0.064,0.053,0.037,0.03,,,,,,,,,,,,,,,,,,,,,
9,9.4,9.4.1,EN_ATM_CO2MVA,Carbon dioxide emissions per unit of manufacturing value added (kilogrammes of CO2 per constant 2015 United States dollars),480,Mauritius,ISIC4_C,A,G,KG_PER_CON_USD,0.287,0.296,0.301,0.299,0.278,0.276,0.323,0.313,0.328,0.265,0.255,0.24,0.232,0.212,0.217,0.223,0.213,0.209,0.207,0.211,,,,,,,,,,,,,,,,,,,,,
9,9.4,9.4.1,EN_ATM_CO2MVA,Carbon dioxide emissions per unit of manufacturing value added (kilogrammes of CO2 per constant 2015 United States dollars),484,Mexico,ISIC4_C,A,G,KG_PER_CON_USD,0.293,0.272,0.301,0.309,0.322,0.328,0.354,0.329,0.346,0.31,0.342,0.364,0.315,0.335,0.288,0.315,0.29,0.313,0.25,0.252,,,,,,,,,,,,,,,,,,,,,
9,9.4,9.4.1,EN_ATM_CO2MVA,Carbon dioxide emissions per unit of manufacturing value added (kilogrammes of CO2 per constant 2015 United States dollars),17,Middle Africa,ISIC4_C,A,G,KG_PER_CON_USD,0.21,0.26,0.366,0.379,0.439,0.555,0.583,0.474,0.517,0.532,0.539,0.538,0.518,0.393,0.33,0.29,0.303,0.215,0.247,0.212,,,,,,,,,,,,,,,,,,,,,
9,9.4,9.4.1,EN_ATM_CO2MVA,Carbon dioxide emissions per unit of manufacturing value added (kilogrammes of CO2 per constant 2015 United States dollars),496,Mongolia,ISIC4_C,A,G,KG_PER_CON_USD,1.666,1.148,0.964,0.884,0.869,1.159,3.776,1.947,1.905,1.759,1.886,2.11,2.421,1.901,1.534,1.076,1.118,1.055,1.035,1.191,,,,,,,,,,,,,,,,,,,,,
9,9.4,9.4.1,EN_ATM_CO2MVA,Carbon dioxide emissions per unit of manufacturing value added (kilogrammes of CO2 per constant 2015 United States dollars),499,Montenegro,ISIC4_C,A,G,KG_PER_CON_USD,,,,,,1.181,1.062,1.83,2.067,1.502,0.747,0.599,0.701,1.04,1.042,0.99,0.969,0.988,0.854,0.895,,,,,,,,,,,,,,,,,,,,,
9,9.4,9.4.1,EN_ATM_CO2MVA,Carbon dioxide emissions per unit of manufacturing value added (kilogrammes of CO2 per constant 2015 United States dollars),504,Morocco,ISIC4_C,A,G,KG_PER_CON_USD,0.657,0.646,0.594,0.447,0.588,0.678,0.707,0.679,0.634,0.64,0.566,0.625,0.647,0.541,0.415,0.373,0.342,0.374,0.353,0.337,,,,,,,,,,,,,,,,,,,,,
9,9.4,9.4.1,EN_ATM_CO2MVA,Carbon dioxide emissions per unit of manufacturing value added (kilogrammes of CO2 per constant 2015 United States dollars),508,Mozambique,ISIC4_C,A,G,KG_PER_CON_USD,0.136,0.223,0.218,0.243,0.211,0.176,0.195,0.234,0.266,0.308,0.302,0.522,0.464,0.59,0.162,0.122,0.143,0.074,0.125,0.125,,,,,,,,,,,,,,,,,,,,,
9,9.4,9.4.1,EN_ATM_CO2MVA,Carbon dioxide emissions per unit of manufacturing value added (kilogrammes of CO2 per constant 2015 United States dollars),104,Myanmar,ISIC4_C,A,G,KG_PER_CON_USD,1.885,1.48,0.716,1.027,0.609,0.534,0.423,0.343,0.307,0.271,0.268,0.255,0.276,0.249,0.277,0.27,0.091,0.151,0.145,0.15,,,,,,,,,,,,,,,,,,,,,
9,9.4,9.4.1,EN_ATM_CO2MVA,Carbon dioxide emissions per unit of manufacturing value added (kilogrammes of CO2 per constant 2015 United States dollars),516,Namibia,ISIC4_C,A,G,KG_PER_CON_USD,0,0,0,0,0,0,0,0,0,0,0,0,0,0,0,0,0,0,0,0,,,,,,,,,,,,,,,,,,,,,
9,9.4,9.4.1,EN_ATM_CO2MVA,Carbon dioxide emissions per unit of manufacturing value added (kilogrammes of CO2 per constant 2015 United States dollars),524,Nepal,ISIC4_C,A,G,KG_PER_CON_USD,1.304,1.43,0.752,0.905,0.751,1.123,0.661,0.836,0.776,0.783,1.22,1.371,1.492,1.127,1.534,1.761,2.423,2.382,2.769,2.056,,,,,,,,,,,,,,,,,,,,,
9,9.4,9.4.1,EN_ATM_CO2MVA,Carbon dioxide emissions per unit of manufacturing value added (kilogrammes of CO2 per constant 2015 United States dollars),528,Netherlands,ISIC4_C,A,G,KG_PER_CON_USD,0.316,0.308,0.317,0.324,0.308,0.295,0.299,0.285,0.266,0.275,0.283,0.26,0.275,0.267,0.257,0.261,0.275,0.268,0.254,0.246,,,,,,,,,,,,,,,,,,,,,
9,9.4,9.4.1,EN_ATM_CO2MVA,Carbon dioxide emissions per unit of manufacturing value added (kilogrammes of CO2 per constant 2015 United States dollars),554,New Zealand,ISIC4_C,A,G,KG_PER_CON_USD,0.301,0.318,0.307,0.275,0.246,0.206,0.215,0.232,0.253,0.241,0.258,0.242,0.25,0.288,0.321,0.302,0.296,0.281,0.27,0.301,,,,,,,,,,,,,,,,,,,,,
9,9.4,9.4.1,EN_ATM_CO2MVA,Carbon dioxide emissions per unit of manufacturing value added (kilogrammes of CO2 per constant 2015 United States dollars),558,Nicaragua,ISIC4_C,A,G,KG_PER_CON_USD,0.199,0.21,0.41,0.701,0.718,0.61,0.587,0.566,0.537,0.39,0.387,0.354,0.336,0.296,0.288,0.306,0.311,0.309,0.285,0.29,,,,,,,,,,,,,,,,,,,,,
9,9.4,9.4.1,EN_ATM_CO2MVA,Carbon dioxide emissions per unit of manufacturing value added (kilogrammes of CO2 per constant 2015 United States dollars),562,Niger,ISIC4_C,A,G,KG_PER_CON_USD,0.118,0.142,0.139,0.179,0.176,0.151,0.18,0.386,0.265,0.377,0.482,0.459,0.5,0.359,0.386,0.274,0.181,0.205,0.163,0.186,,,,,,,,,,,,,,,,,,,,,
9,9.4,9.4.1,EN_ATM_CO2MVA,Carbon dioxide emissions per unit of manufacturing value added (kilogrammes of CO2 per constant 2015 United States dollars),566,Nigeria,ISIC4_C,A,G,KG_PER_CON_USD,0.14,0.12,0.108,0.333,0.267,0.223,0.204,0.219,0.218,0.09,0.093,0.237,0.18,0.157,0.154,0.157,0.161,0.154,0.158,0.161,,,,,,,,,,,,,,,,,,,,,
9,9.4,9.4.1,EN_ATM_CO2MVA,Carbon dioxide emissions per unit of manufacturing value added (kilogrammes of CO2 per constant 2015 United States dollars),807,North Macedonia,ISIC4_C,A,G,KG_PER_CON_USD,1.708,1.545,1.416,1.701,1.25,1.702,1.601,2.127,1.993,1.171,1.525,1.579,1.525,1.266,0.928,0.82,0.807,0.663,0.68,0.766,,,,,,,,,,,,,,,,,,,,,
9,9.4,9.4.1,EN_ATM_CO2MVA,Carbon dioxide emissions per unit of manufacturing value added (kilogrammes of CO2 per constant 2015 United States dollars),15,Northern Africa,ISIC4_C,A,G,KG_PER_CON_USD,0.821,0.927,0.855,0.799,0.746,0.899,0.872,0.907,0.815,0.768,0.738,0.7,0.643,0.67,0.624,0.59,0.579,0.666,0.698,0.677,,,,,,,,,,,,,,,,,,,,,
9,9.4,9.4.1,EN_ATM_CO2MVA,Carbon dioxide emissions per unit of manufacturing value added (kilogrammes of CO2 per constant 2015 United States dollars),746,Northern Africa (exc. Sudan),ISIC4_C,A,G,KG_PER_CON_USD,0.841,0.962,0.887,0.828,0.772,0.922,0.879,0.913,0.823,0.751,0.705,0.723,0.663,0.698,0.647,0.614,0.602,0.697,0.732,0.709,,,,,,,,,,,,,,,,,,,,,
9,9.4,9.4.1,EN_ATM_CO2MVA,Carbon dioxide emissions per unit of manufacturing value added (kilogrammes of CO2 per constant 2015 United States dollars),747,Northern Africa and Western Asia,ISIC4_C,A,G,KG_PER_CON_USD,1.009,1.017,1.051,1.014,0.936,0.922,0.918,0.942,0.869,0.922,0.949,0.878,0.871,0.84,0.829,0.82,0.781,0.746,0.706,0.742,,,,,,,,,,,,,,,,,,,,,
9,9.4,9.4.1,EN_ATM_CO2MVA,Carbon dioxide emissions per unit of manufacturing value added (kilogrammes of CO2 per constant 2015 United States dollars),21,Northern America,ISIC4_C,A,G,KG_PER_CON_USD,0.329,0.324,0.284,0.267,0.264,0.241,0.227,0.218,0.218,0.209,0.235,0.21,0.212,0.203,0.201,0.197,0.201,0.19,0.19,0.18,,,,,,,,,,,,,,,,,,,,,
9,9.4,9.4.1,EN_ATM_CO2MVA,Carbon dioxide emissions per unit of manufacturing value added (kilogrammes of CO2 per constant 2015 United States dollars),154,Northern Europe,ISIC4_C,A,G,KG_PER_CON_USD,0.24,0.239,0.216,0.215,0.207,0.189,0.175,0.167,0.164,0.15,0.157,0.143,0.141,0.138,0.132,0.115,0.103,0.101,0.097,0.091,,,,,,,,,,,,,,,,,,,,,
9,9.4,9.4.1,EN_ATM_CO2MVA,Carbon dioxide emissions per unit of manufacturing value added (kilogrammes of CO2 per constant 2015 United States dollars),578,Norway,ISIC4_C,A,G,KG_PER_CON_USD,0.274,0.258,0.223,0.271,0.268,0.228,0.22,0.207,0.205,0.181,0.22,0.217,0.213,0.201,0.191,0.195,0.202,0.207,0.203,0.199,,,,,,,,,,,,,,,,,,,,,
9,9.4,9.4.1,EN_ATM_CO2MVA,Carbon dioxide emissions per unit of manufacturing value added (kilogrammes of CO2 per constant 2015 United States dollars),9,Oceania,ISIC4_C,A,G,KG_PER_CON_USD,0.501,0.484,0.387,0.45,0.459,0.437,0.425,0.419,0.457,0.417,0.38,0.387,0.398,0.395,0.406,0.381,0.381,0.37,0.391,0.397,,,,,,,,,,,,,,,,,,,,,
9,9.4,9.4.1,EN_ATM_CO2MVA,Carbon dioxide emissions per unit of manufacturing value added (kilogrammes of CO2 per constant 2015 United States dollars),543,Oceania (exc. Australia and New Zealand),ISIC4_C,A,G,KG_PER_CON_USD,1.109,1.113,1.178,1.214,1.234,1.228,1.175,1.08,1.292,1.414,1.299,1.247,1.282,1.325,1.371,1.392,1.375,1.425,1.421,1.416,,,,,,,,,,,,,,,,,,,,,
9,9.4,9.4.1,EN_ATM_CO2MVA,Carbon dioxide emissions per unit of manufacturing value added (kilogrammes of CO2 per constant 2015 United States dollars),512,Oman,ISIC4_C,A,G,KG_PER_CON_USD,1.69,1.325,1.516,1.431,1.278,1.177,2.212,2.426,1.643,1.375,1.318,1.485,1.577,1.54,1.821,1.838,2.017,1.933,1.73,1.684,,,,,,,,,,,,,,,,,,,,,
9,9.4,9.4.1,EN_ATM_CO2MVA,Carbon dioxide emissions per unit of manufacturing value added (kilogrammes of CO2 per constant 2015 United States dollars),158,Other non-specified areas in Eastern Asia,ISIC4_C,A,G,KG_PER_CON_USD,0.71,0.73,0.69,0.592,0.538,0.487,0.466,0.398,0.355,0.338,0.31,0.297,0.273,0.272,0.227,0.219,0.213,0.193,0.171,0.166,,,,,,,,,,,,,,,,,,,,,
9,9.4,9.4.1,EN_ATM_CO2MVA,Carbon dioxide emissions per unit of manufacturing value added (kilogrammes of CO2 per constant 2015 United States dollars),586,Pakistan,ISIC4_C,A,G,KG_PER_CON_USD,1.533,1.416,1.501,1.679,1.72,1.591,1.593,1.617,1.347,1.422,1.344,1.299,1.192,1.07,1.153,1.211,1.312,1.403,1.354,1.376,,,,,,,,,,,,,,,,,,,,,
9,9.4,9.4.1,EN_ATM_CO2MVA,Carbon dioxide emissions per unit of manufacturing value added (kilogrammes of CO2 per constant 2015 United States dollars),591,Panama,ISIC4_C,A,G,KG_PER_CON_USD,0.368,0.467,0.295,0.094,0.349,0.797,0.682,0.633,0.456,0.643,0.651,0.703,0.81,0.772,0.747,0.656,0.562,0.516,0.513,0.522,,,,,,,,,,,,,,,,,,,,,
9,9.4,9.4.1,EN_ATM_CO2MVA,Carbon dioxide emissions per unit of manufacturing value added (kilogrammes of CO2 per constant 2015 United States dollars),600,Paraguay,ISIC4_C,A,G,KG_PER_CON_USD,0.052,0.048,0.049,0.032,0.039,0.044,0.033,0.02,0.019,0.027,0.028,0.025,0.044,0.019,0.027,0.046,0.026,0.023,0.027,0.025,,,,,,,,,,,,,,,,,,,,,
9,9.4,9.4.1,EN_ATM_CO2MVA,Carbon dioxide emissions per unit of manufacturing value added (kilogrammes of CO2 per constant 2015 United States dollars),604,Peru,ISIC4_C,A,G,KG_PER_CON_USD,0.507,0.451,0.454,0.405,0.436,0.42,0.356,0.394,0.339,0.357,0.28,0.281,0.262,0.285,0.286,0.296,0.262,0.264,0.259,0.266,,,,,,,,,,,,,,,,,,,,,
9,9.4,9.4.1,EN_ATM_CO2MVA,Carbon dioxide emissions per unit of manufacturing value added (kilogrammes of CO2 per constant 2015 United States dollars),608,Philippines,ISIC4_C,A,G,KG_PER_CON_USD,0.32,0.256,0.228,0.254,0.249,0.242,0.243,0.297,0.271,0.239,0.251,0.233,0.201,0.221,0.218,0.209,0.236,0.231,0.189,0.171,,,,,,,,,,,,,,,,,,,,,
9,9.4,9.4.1,EN_ATM_CO2MVA,Carbon dioxide emissions per unit of manufacturing value added (kilogrammes of CO2 per constant 2015 United States dollars),616,Poland,ISIC4_C,A,G,KG_PER_CON_USD,1.456,1.317,1.22,1.067,0.963,0.807,0.69,0.647,0.526,0.447,0.438,0.419,0.394,0.391,0.365,0.321,0.314,0.336,0.321,0.306,,,,,,,,,,,,,,,,,,,,,
9,9.4,9.4.1,EN_ATM_CO2MVA,Carbon dioxide emissions per unit of manufacturing value added (kilogrammes of CO2 per constant 2015 United States dollars),620,Portugal,ISIC4_C,A,G,KG_PER_CON_USD,0.398,0.363,0.361,0.316,0.283,0.277,0.271,0.28,0.258,0.263,0.251,0.24,0.223,0.217,0.221,0.21,0.2,0.2,0.189,0.186,,,,,,,,,,,,,,,,,,,,,
9,9.4,9.4.1,EN_ATM_CO2MVA,Carbon dioxide emissions per unit of manufacturing value added (kilogrammes of CO2 per constant 2015 United States dollars),634,Qatar,ISIC4_C,A,G,KG_PER_CON_USD,1.262,1.126,1.543,1.232,1.457,1.252,1.243,1.499,1.274,1.001,0.941,0.705,1.06,0.984,1.098,1.095,1.144,1.113,1.052,1.266,,,,,,,,,,,,,,,,,,,,,
9,9.4,9.4.1,EN_ATM_CO2MVA,Carbon dioxide emissions per unit of manufacturing value added (kilogrammes of CO2 per constant 2015 United States dollars),410,Republic of Korea,ISIC4_C,A,G,KG_PER_CON_USD,0.514,0.492,0.408,0.374,0.329,0.286,0.281,0.241,0.247,0.224,0.224,0.217,0.205,0.201,0.182,0.188,0.176,0.168,0.163,0.146,,,,,,,,,,,,,,,,,,,,,
9,9.4,9.4.1,EN_ATM_CO2MVA,Carbon dioxide emissions per unit of manufacturing value added (kilogrammes of CO2 per constant 2015 United States dollars),498,Republic of Moldova,ISIC4_C,A,G,KG_PER_CON_USD,0.724,0.718,0.696,0.624,0.624,1.252,0.952,1.124,0.894,0.974,1.425,1.385,1.393,0.943,0.991,0.811,0.797,0.95,1.012,1.032,,,,,,,,,,,,,,,,,,,,,
9,9.4,9.4.1,EN_ATM_CO2MVA,Carbon dioxide emissions per unit of manufacturing value added (kilogrammes of CO2 per constant 2015 United States dollars),642,Romania,ISIC4_C,A,G,KG_PER_CON_USD,0.93,0.907,0.893,0.827,0.767,0.741,0.623,0.605,0.505,0.366,0.369,0.356,0.412,0.359,0.344,0.329,0.291,0.274,0.284,0.293,,,,,,,,,,,,,,,,,,,,,
9,9.4,9.4.1,EN_ATM_CO2MVA,Carbon dioxide emissions per unit of manufacturing value added (kilogrammes of CO2 per constant 2015 United States dollars),643,Russian Federation,ISIC4_C,A,G,KG_PER_CON_USD,1.482,1.351,1.319,1.155,1.075,0.991,0.902,0.952,0.974,1.11,1.108,1.092,1.266,1.238,1.34,1.363,1.394,1.34,1.205,1.305,,,,,,,,,,,,,,,,,,,,,
9,9.4,9.4.1,EN_ATM_CO2MVA,Carbon dioxide emissions per unit of manufacturing value added (kilogrammes of CO2 per constant 2015 United States dollars),682,Saudi Arabia,ISIC4_C,A,G,KG_PER_CON_USD,1.637,1.571,1.77,1.702,1.602,1.527,1.539,1.574,1.607,1.622,1.827,1.667,1.451,1.411,1.49,1.432,1.231,1.071,1.005,1.048,,,,,,,,,,,,,,,,,,,,,
9,9.4,9.4.1,EN_ATM_CO2MVA,Carbon dioxide emissions per unit of manufacturing value added (kilogrammes of CO2 per constant 2015 United States dollars),686,Senegal,ISIC4_C,A,G,KG_PER_CON_USD,0.259,0.315,0.333,0.269,0.403,0.338,0.264,0.356,0.376,0.381,0.361,0.455,0.396,0.384,0.504,0.542,0.541,0.289,0.324,0.259,,,,,,,,,,,,,,,,,,,,,
9,9.4,9.4.1,EN_ATM_CO2MVA,Carbon dioxide emissions per unit of manufacturing value added (kilogrammes of CO2 per constant 2015 United States dollars),688,Serbia,ISIC4_C,A,G,KG_PER_CON_USD,1.187,1.316,1.296,1.53,1.738,1.206,1.347,1.316,1.171,0.702,0.839,0.938,0.825,0.611,0.625,0.556,0.616,0.559,0.606,0.486,,,,,,,,,,,,,,,,,,,,,
9,9.4,9.4.1,EN_ATM_CO2MVA,Carbon dioxide emissions per unit of manufacturing value added (kilogrammes of CO2 per constant 2015 United States dollars),702,Singapore,ISIC4_C,A,G,KG_PER_CON_USD,0.109,0.13,0.128,0.148,0.143,0.141,0.132,0.131,0.142,0.214,0.187,0.184,0.181,0.204,0.214,0.229,0.224,0.241,0.204,0.207,,,,,,,,,,,,,,,,,,,,,
9,9.4,9.4.1,EN_ATM_CO2MVA,Carbon dioxide emissions per unit of manufacturing value added (kilogrammes of CO2 per constant 2015 United States dollars),703,Slovakia,ISIC4_C,A,G,KG_PER_CON_USD,2.075,1.539,1.6,1.32,1.033,0.923,0.819,0.73,0.688,0.651,0.535,0.509,0.522,0.541,0.464,0.405,0.421,0.442,0.423,0.35,,,,,,,,,,,,,,,,,,,,,
9,9.4,9.4.1,EN_ATM_CO2MVA,Carbon dioxide emissions per unit of manufacturing value added (kilogrammes of CO2 per constant 2015 United States dollars),705,Slovenia,ISIC4_C,A,G,KG_PER_CON_USD,0.348,0.307,0.261,0.293,0.283,0.284,0.281,0.238,0.225,0.227,0.216,0.193,0.189,0.192,0.186,0.176,0.169,0.168,0.177,0.162,,,,,,,,,,,,,,,,,,,,,
9,9.4,9.4.1,EN_ATM_CO2MVA,Carbon dioxide emissions per unit of manufacturing value added (kilogrammes of CO2 per constant 2015 United States dollars),722,Small island developing States (SIDS),ISIC4_C,A,G,KG_PER_CON_USD,0.398,0.456,0.377,0.345,0.302,0.313,0.316,0.322,0.308,0.343,0.329,0.302,0.302,0.323,0.298,0.322,0.298,0.31,0.279,0.296,,,,,,,,,,,,,,,,,,,,,
9,9.4,9.4.1,EN_ATM_CO2MVA,Carbon dioxide emissions per unit of manufacturing value added (kilogrammes of CO2 per constant 2015 United States dollars),710,South Africa,ISIC4_C,A,G,KG_PER_CON_USD,1.328,1.027,1.106,1.2,1.363,1.349,1.168,0.936,0.945,1.571,1.332,1.075,1.072,1.209,1.258,1.137,1.131,1.061,1.062,0.998,,,,,,,,,,,,,,,,,,,,,
9,9.4,9.4.1,EN_ATM_CO2MVA,Carbon dioxide emissions per unit of manufacturing value added (kilogrammes of CO2 per constant 2015 United States dollars),5,South America,ISIC4_C,A,G,KG_PER_CON_USD,0.442,0.442,0.465,0.45,0.425,0.403,0.382,0.344,0.348,0.346,0.386,0.396,0.385,0.379,0.385,0.364,0.352,0.367,0.368,0.354,,,,,,,,,,,,,,,,,,,,,
9,9.4,9.4.1,EN_ATM_CO2MVA,Carbon dioxide emissions per unit of manufacturing value added (kilogrammes of CO2 per constant 2015 United States dollars),728,South Sudan,ISIC4_C,A,G,KG_PER_CON_USD,,,,,,,,,,,,,0.203,0.097,0.093,0.189,0.195,0.429,0.45,0.432,,,,,,,,,,,,,,,,,,,,,
9,9.4,9.4.1,EN_ATM_CO2MVA,Carbon dioxide emissions per unit of manufacturing value added (kilogrammes of CO2 per constant 2015 United States dollars),35,South-Eastern Asia,ISIC4_C,A,G,KG_PER_CON_USD,0.532,0.559,0.538,0.574,0.578,0.569,0.623,0.618,0.584,0.589,0.631,0.615,0.56,0.47,0.485,0.529,0.411,0.43,0.46,0.538,,,,,,,,,,,,,,,,,,,,,
9,9.4,9.4.1,EN_ATM_CO2MVA,Carbon dioxide emissions per unit of manufacturing value added (kilogrammes of CO2 per constant 2015 United States dollars),18,Southern Africa,ISIC4_C,A,G,KG_PER_CON_USD,1.278,0.993,1.069,1.155,1.311,1.296,1.122,0.909,0.907,1.496,1.266,1.021,1.02,1.148,1.193,1.079,1.07,1.003,1.005,0.941,,,,,,,,,,,,,,,,,,,,,
9,9.4,9.4.1,EN_ATM_CO2MVA,Carbon dioxide emissions per unit of manufacturing value added (kilogrammes of CO2 per constant 2015 United States dollars),34,Southern Asia,ISIC4_C,A,G,KG_PER_CON_USD,1.581,1.521,1.532,1.432,1.391,1.405,1.346,1.438,1.41,1.434,1.461,1.522,1.444,1.486,1.479,1.377,1.33,1.341,1.277,1.318,,,,,,,,,,,,,,,,,,,,,
9,9.4,9.4.1,EN_ATM_CO2MVA,Carbon dioxide emissions per unit of manufacturing value added (kilogrammes of CO2 per constant 2015 United States dollars),39,Southern Europe,ISIC4_C,A,G,KG_PER_CON_USD,0.302,0.301,0.298,0.316,0.299,0.289,0.254,0.256,0.245,0.223,0.227,0.221,0.214,0.2,0.186,0.172,0.167,0.16,0.163,0.155,,,,,,,,,,,,,,,,,,,,,
9,9.4,9.4.1,EN_ATM_CO2MVA,Carbon dioxide emissions per unit of manufacturing value added (kilogrammes of CO2 per constant 2015 United States dollars),724,Spain,ISIC4_C,A,G,KG_PER_CON_USD,0.318,0.335,0.334,0.346,0.347,0.345,0.268,0.292,0.279,0.254,0.271,0.267,0.248,0.242,0.217,0.182,0.175,0.187,0.199,0.19,,,,,,,,,,,,,,,,,,,,,
9,9.4,9.4.1,EN_ATM_CO2MVA,Carbon dioxide emissions per unit of manufacturing value added (kilogrammes of CO2 per constant 2015 United States dollars),144,Sri Lanka,ISIC4_C,A,G,KG_PER_CON_USD,0.108,0.119,0.121,0.156,0.105,0.14,0.13,0.119,0.108,0.099,0.092,0.087,0.095,0.083,0.08,0.226,0.12,0.05,0.058,0.058,,,,,,,,,,,,,,,,,,,,,
9,9.4,9.4.1,EN_ATM_CO2MVA,Carbon dioxide emissions per unit of manufacturing value added (kilogrammes of CO2 per constant 2015 United States dollars),202,Sub-Saharan Africa,ISIC4_C,A,G,KG_PER_CON_USD,0.615,0.525,0.541,0.617,0.665,0.667,0.621,0.542,0.539,0.679,0.617,0.578,0.539,0.533,0.535,0.498,0.495,0.46,0.457,0.467,,,,,,,,,,,,,,,,,,,,,
9,9.4,9.4.1,EN_ATM_CO2MVA,Carbon dioxide emissions per unit of manufacturing value added (kilogrammes of CO2 per constant 2015 United States dollars),738,Sub-Saharan Africa (inc. Sudan),ISIC4_C,A,G,KG_PER_CON_USD,0.609,0.518,0.533,0.607,0.653,0.662,0.626,0.551,0.543,0.692,0.641,0.57,0.532,0.524,0.527,0.489,0.486,0.451,0.448,0.458,,,,,,,,,,,,,,,,,,,,,
9,9.4,9.4.1,EN_ATM_CO2MVA,Carbon dioxide emissions per unit of manufacturing value added (kilogrammes of CO2 per constant 2015 United States dollars),729,Sudan,ISIC4_C,A,G,KG_PER_CON_USD,0.197,0.139,0.135,0.138,0.148,0.253,0.377,0.41,0.335,0.52,0.629,0.353,0.338,0.231,0.243,0.225,0.237,0.213,0.204,0.202,,,,,,,,,,,,,,,,,,,,,
9,9.4,9.4.1,EN_ATM_CO2MVA,Carbon dioxide emissions per unit of manufacturing value added (kilogrammes of CO2 per constant 2015 United States dollars),740,Suriname,ISIC4_C,A,G,KG_PER_CON_USD,1.883,1.69,0.082,0.078,0.077,0.076,0.074,0.067,0.065,0.066,0.067,0.055,0.084,0.063,0.072,0.07,0.102,0.069,0.055,0.078,,,,,,,,,,,,,,,,,,,,,
9,9.4,9.4.1,EN_ATM_CO2MVA,Carbon dioxide emissions per unit of manufacturing value added (kilogrammes of CO2 per constant 2015 United States dollars),752,Sweden,ISIC4_C,A,G,KG_PER_CON_USD,0.223,0.201,0.196,0.183,0.175,0.14,0.117,0.112,0.11,0.102,0.111,0.1,0.097,0.094,0.088,0.087,0.081,0.08,0.078,0.08,,,,,,,,,,,,,,,,,,,,,
9,9.4,9.4.1,EN_ATM_CO2MVA,Carbon dioxide emissions per unit of manufacturing value added (kilogrammes of CO2 per constant 2015 United States dollars),756,Switzerland,ISIC4_C,A,G,KG_PER_CON_USD,0.063,0.063,0.055,0.058,0.057,0.054,0.054,0.05,0.049,0.051,0.049,0.043,0.044,0.043,0.042,0.04,0.039,0.037,0.034,0.032,,,,,,,,,,,,,,,,,,,,,
9,9.4,9.4.1,EN_ATM_CO2MVA,Carbon dioxide emissions per unit of manufacturing value added (kilogrammes of CO2 per constant 2015 United States dollars),760,Syrian Arab Republic,ISIC4_C,A,G,KG_PER_CON_USD,17.107,7.252,6.474,7.325,2.791,3.942,4.007,3.6,3.553,2.619,2.736,2.83,3.319,3.254,3.072,2.848,3.031,3.229,2.794,2.225,,,,,,,,,,,,,,,,,,,,,
9,9.4,9.4.1,EN_ATM_CO2MVA,Carbon dioxide emissions per unit of manufacturing value added (kilogrammes of CO2 per constant 2015 United States dollars),762,Tajikistan,ISIC4_C,A,G,KG_PER_CON_USD,0,0,0,0,0,0,0,0,0,0,0,0,0.123,0.108,0.077,0.071,0.869,1.142,1.216,1.087,,,,,,,,,,,,,,,,,,,,,
9,9.4,9.4.1,EN_ATM_CO2MVA,Carbon dioxide emissions per unit of manufacturing value added (kilogrammes of CO2 per constant 2015 United States dollars),764,Thailand,ISIC4_C,A,G,KG_PER_CON_USD,0.497,0.534,0.551,0.504,0.531,0.54,0.542,0.43,0.466,0.472,0.473,0.44,0.454,0.463,0.461,0.518,0.458,0.456,0.4,0.448,,,,,,,,,,,,,,,,,,,,,
9,9.4,9.4.1,EN_ATM_CO2MVA,Carbon dioxide emissions per unit of manufacturing value added (kilogrammes of CO2 per constant 2015 United States dollars),768,Togo,ISIC4_C,A,G,KG_PER_CON_USD,0.992,0.747,0.695,0.473,0.565,0.338,0.269,0.13,0.263,0.5,0.827,0.659,0.47,0.528,0.514,0.048,0.152,0.036,0.137,0.135,,,,,,,,,,,,,,,,,,,,,
9,9.4,9.4.1,EN_ATM_CO2MVA,Carbon dioxide emissions per unit of manufacturing value added (kilogrammes of CO2 per constant 2015 United States dollars),780,Trinidad and Tobago,ISIC4_C,A,G,KG_PER_CON_USD,1.181,1.417,1.217,1.042,0.932,1.001,0.702,0.871,0.716,0.612,0.801,0.808,0.852,0.857,0.876,0.733,0.529,0.556,0.517,0.546,,,,,,,,,,,,,,,,,,,,,
9,9.4,9.4.1,EN_ATM_CO2MVA,Carbon dioxide emissions per unit of manufacturing value added (kilogrammes of CO2 per constant 2015 United States dollars),788,Tunisia,ISIC4_C,A,G,KG_PER_CON_USD,0.788,0.757,0.739,0.881,0.905,0.883,0.923,0.851,0.818,0.726,0.709,0.669,0.722,0.729,0.808,0.808,0.78,0.769,0.717,0.728,,,,,,,,,,,,,,,,,,,,,
9,9.4,9.4.1,EN_ATM_CO2MVA,Carbon dioxide emissions per unit of manufacturing value added (kilogrammes of CO2 per constant 2015 United States dollars),792,Turkey,ISIC4_C,A,G,KG_PER_CON_USD,0.921,0.736,0.883,0.91,0.784,0.668,0.7,0.656,0.39,0.475,0.505,0.444,0.452,0.352,0.346,0.331,0.323,0.404,0.425,0.406,,,,,,,,,,,,,,,,,,,,,
9,9.4,9.4.1,EN_ATM_CO2MVA,Carbon dioxide emissions per unit of manufacturing value added (kilogrammes of CO2 per constant 2015 United States dollars),795,Turkmenistan,ISIC4_C,A,G,KG_PER_CON_USD,0.156,0.121,0.093,0.141,0.188,0.166,0.163,0.136,0.096,0.127,0.118,0.117,0.121,0.131,0.139,0.153,0.17,0.189,0.179,0.212,,,,,,,,,,,,,,,,,,,,,
9,9.4,9.4.1,EN_ATM_CO2MVA,Carbon dioxide emissions per unit of manufacturing value added (kilogrammes of CO2 per constant 2015 United States dollars),804,Ukraine,ISIC4_C,A,G,KG_PER_CON_USD,7.754,7.515,6.84,6.443,5.578,4.203,4.217,3.939,3.716,3.555,3.775,3.913,3.722,3.882,4.169,3.662,3.27,2.547,2.829,2.789,,,,,,,,,,,,,,,,,,,,,
9,9.4,9.4.1,EN_ATM_CO2MVA,Carbon dioxide emissions per unit of manufacturing value added (kilogrammes of CO2 per constant 2015 United States dollars),784,United Arab Emirates,ISIC4_C,A,G,KG_PER_CON_USD,1.803,2.209,1.951,1.778,1.554,1.503,1.367,1.672,1.852,2.49,2.562,2.442,2.676,2.647,2.387,2.588,2.511,1.98,1.529,1.9,,,,,,,,,,,,,,,,,,,,,
9,9.4,9.4.1,EN_ATM_CO2MVA,Carbon dioxide emissions per unit of manufacturing value added (kilogrammes of CO2 per constant 2015 United States dollars),826,United Kingdom of Great Britain and Northern Ireland,ISIC4_C,A,G,KG_PER_CON_USD,0.266,0.275,0.245,0.242,0.231,0.214,0.2,0.196,0.19,0.171,0.176,0.16,0.156,0.153,0.146,0.139,0.117,0.117,0.109,0.102,,,,,,,,,,,,,,,,,,,,,
9,9.4,9.4.1,EN_ATM_CO2MVA,Carbon dioxide emissions per unit of manufacturing value added (kilogrammes of CO2 per constant 2015 United States dollars),834,United Republic of Tanzania,ISIC4_C,A,G,KG_PER_CON_USD,0.376,0.305,0.274,0.249,0.239,0.245,0.231,0.203,0.172,0.157,0.158,0.271,0.256,0.305,0.404,0.408,0.309,0.401,0.39,0.408,,,,,,,,,,,,,,,,,,,,,
9,9.4,9.4.1,EN_ATM_CO2MVA,Carbon dioxide emissions per unit of manufacturing value added (kilogrammes of CO2 per constant 2015 United States dollars),840,United States of America,ISIC4_C,A,G,KG_PER_CON_USD,0.324,0.32,0.277,0.259,0.256,0.232,0.219,0.208,0.209,0.199,0.227,0.199,0.2,0.191,0.191,0.186,0.189,0.178,0.179,0.169,,,,,,,,,,,,,,,,,,,,,
9,9.4,9.4.1,EN_ATM_CO2MVA,Carbon dioxide emissions per unit of manufacturing value added (kilogrammes of CO2 per constant 2015 United States dollars),858,Uruguay,ISIC4_C,A,G,KG_PER_CON_USD,0.162,0.155,0.146,0.147,0.143,0.127,0.114,0.116,0.116,0.102,0.089,0.1,0.103,0.106,0.119,0.114,0.126,0.123,0.123,0.133,,,,,,,,,,,,,,,,,,,,,
9,9.4,9.4.1,EN_ATM_CO2MVA,Carbon dioxide emissions per unit of manufacturing value added (kilogrammes of CO2 per constant 2015 United States dollars),860,Uzbekistan,ISIC4_C,A,G,KG_PER_CON_USD,3.391,3.357,3.379,3.155,2.979,2.733,2.674,2.44,2.375,2.017,2.275,2.128,1.606,1.313,1.052,0.881,0.888,0.944,0.802,0.9,,,,,,,,,,,,,,,,,,,,,
9,9.4,9.4.1,EN_ATM_CO2MVA,Carbon dioxide emissions per unit of manufacturing value added (kilogrammes of CO2 per constant 2015 United States dollars),862,Venezuela (Bolivarian Republic of),ISIC4_C,A,G,KG_PER_CON_USD,0.548,0.569,0.748,0.827,0.73,0.68,0.58,0.278,0.373,0.425,0.749,0.68,0.71,0.636,0.618,0.417,0.505,0.707,1.078,1.185,,,,,,,,,,,,,,,,,,,,,
9,9.4,9.4.1,EN_ATM_CO2MVA,Carbon dioxide emissions per unit of manufacturing value added (kilogrammes of CO2 per constant 2015 United States dollars),704,Viet Nam,ISIC4_C,A,G,KG_PER_CON_USD,1.685,1.723,1.721,1.653,1.731,1.618,1.433,1.418,1.7,1.823,2.489,2.274,2.057,2.064,2.144,2.385,1.037,0.994,1.414,1.591,,,,,,,,,,,,,,,,,,,,,
9,9.4,9.4.1,EN_ATM_CO2MVA,Carbon dioxide emissions per unit of manufacturing value added (kilogrammes of CO2 per constant 2015 United States dollars),11,Western Africa,ISIC4_C,A,G,KG_PER_CON_USD,0.169,0.159,0.149,0.288,0.255,0.213,0.202,0.214,0.222,0.162,0.161,0.262,0.218,0.2,0.201,0.203,0.195,0.184,0.179,0.184,,,,,,,,,,,,,,,,,,,,,
9,9.4,9.4.1,EN_ATM_CO2MVA,Carbon dioxide emissions per unit of manufacturing value added (kilogrammes of CO2 per constant 2015 United States dollars),145,Western Asia,ISIC4_C,A,G,KG_PER_CON_USD,1.064,1.046,1.113,1.079,0.989,0.928,0.931,0.951,0.884,0.968,1.011,0.925,0.93,0.883,0.881,0.879,0.831,0.766,0.708,0.758,,,,,,,,,,,,,,,,,,,,,
9,9.4,9.4.1,EN_ATM_CO2MVA,Carbon dioxide emissions per unit of manufacturing value added (kilogrammes of CO2 per constant 2015 United States dollars),485,"Western Asia (exc. Armenia, Azerbaijan, Cyprus, Israel and Georgia)",ISIC4_C,A,G,KG_PER_CON_USD,1.288,1.253,1.315,1.279,1.156,1.088,1.091,1.114,1.015,1.112,1.173,1.062,1.064,0.985,0.981,0.977,0.916,0.843,0.782,0.84,,,,,,,,,,,,,,,,,,,,,
9,9.4,9.4.1,EN_ATM_CO2MVA,Carbon dioxide emissions per unit of manufacturing value added (kilogrammes of CO2 per constant 2015 United States dollars),155,Western Europe,ISIC4_C,A,G,KG_PER_CON_USD,0.214,0.209,0.201,0.204,0.191,0.184,0.177,0.168,0.172,0.173,0.17,0.16,0.159,0.159,0.149,0.149,0.147,0.14,0.136,0.131,,,,,,,,,,,,,,,,,,,,,
9,9.4,9.4.1,EN_ATM_CO2MVA,Carbon dioxide emissions per unit of manufacturing value added (kilogrammes of CO2 per constant 2015 United States dollars),1,World,ISIC4_C,A,G,KG_PER_CON_USD,0.511,0.512,0.498,0.501,0.522,0.547,0.536,0.533,0.538,0.571,0.577,0.572,0.559,0.543,0.524,0.499,0.471,0.447,0.436,0.434,,,,,,,,,,,,,,,,,,,,,
9,9.4,9.4.1,EN_ATM_CO2MVA,Carbon dioxide emissions per unit of manufacturing value added (kilogrammes of CO2 per constant 2015 United States dollars),887,Yemen,ISIC4_C,A,G,KG_PER_CON_USD,0.458,0.494,0.577,0.876,0.852,0.889,0.82,0.871,0.917,0.821,0.724,0.722,0.613,0.858,0.927,0.449,0.391,0.434,0.49,0.68,,,,,,,,,,,,,,,,,,,,,
9,9.4,9.4.1,EN_ATM_CO2MVA,Carbon dioxide emissions per unit of manufacturing value added (kilogrammes of CO2 per constant 2015 United States dollars),894,Zambia,ISIC4_C,A,G,KG_PER_CON_USD,0.635,0.646,0.634,0.621,0.515,0.579,0.377,0.282,0.23,0.224,0.171,0.165,0.419,0.39,0.356,0.357,0.324,0.366,0.341,0.36,,,,,,,,,,,,,,,,,,,,,
9,9.4,9.4.1,EN_ATM_CO2MVA,Carbon dioxide emissions per unit of manufacturing value added (kilogrammes of CO2 per constant 2015 United States dollars),716,Zimbabwe,ISIC4_C,A,G,KG_PER_CON_USD,1.804,1.701,1.688,1.624,1.394,1.401,1.798,2.039,1.233,0.466,0.546,0.578,0.623,0.391,0.422,0.429,0.426,0.43,0.447,0.433,,,,,,,,,,,,,,,,,,,,,