Goal,Target,Indicator,SeriesCode,SeriesDescription,GeoAreaCode,GeoAreaName,Reporting Type,Units,2000,2001,2002,2003,2004,2005,2006,2007,2008,2009,2010,2011,2012,2013,2014,2015,2016,2017,2018,2019,,,,,,,,,,,,,,,,,,,,,,,
9,9.4,9.4.1,EN_ATM_CO2GDP,Carbon dioxide emissions per unit of GDP PPP (kilogrammes of CO2 per constant 2017 United States dollars),2,Africa,G,KG_PER_CON_USD,0.232,0.243,0.24,0.24,0.241,0.237,0.229,0.224,0.225,0.216,0.217,0.212,0.213,0.213,0.213,0.205,0.202,0.201,0.198,0.198,,,,,,,,,,,,,,,,,,,,,,,
9,9.4,9.4.1,EN_ATM_CO2GDP,Carbon dioxide emissions per unit of GDP PPP (kilogrammes of CO2 per constant 2017 United States dollars),8,Albania,G,KG_PER_CON_USD,0.17,0.164,0.183,0.176,0.175,0.159,0.148,0.139,0.128,0.125,0.126,0.13,0.108,0.111,0.124,0.112,0.105,0.119,0.113,0.104,,,,,,,,,,,,,,,,,,,,,,,
9,9.4,9.4.1,EN_ATM_CO2GDP,Carbon dioxide emissions per unit of GDP PPP (kilogrammes of CO2 per constant 2017 United States dollars),12,Algeria,G,KG_PER_CON_USD,0.227,0.226,0.232,0.228,0.223,0.222,0.228,0.232,0.235,0.248,0.242,0.253,0.268,0.268,0.275,0.281,0.267,0.269,0.279,0.287,,,,,,,,,,,,,,,,,,,,,,,
9,9.4,9.4.1,EN_ATM_CO2GDP,Carbon dioxide emissions per unit of GDP PPP (kilogrammes of CO2 per constant 2017 United States dollars),19,Americas,G,KG_PER_CON_USD,0.345,0.341,0.33,0.326,0.318,0.309,0.295,0.292,0.283,0.273,0.276,0.263,0.251,0.252,0.247,0.237,0.23,0.223,0.221,0.211,,,,,,,,,,,,,,,,,,,,,,,
9,9.4,9.4.1,EN_ATM_CO2GDP,Carbon dioxide emissions per unit of GDP PPP (kilogrammes of CO2 per constant 2017 United States dollars),24,Angola,G,KG_PER_CON_USD,0.06,0.062,0.06,0.075,0.074,0.051,0.061,0.063,0.069,0.081,0.08,0.082,0.081,0.091,0.094,0.096,0.089,0.077,0.078,0.088,,,,,,,,,,,,,,,,,,,,,,,
9,9.4,9.4.1,EN_ATM_CO2GDP,Carbon dioxide emissions per unit of GDP PPP (kilogrammes of CO2 per constant 2017 United States dollars),32,Argentina,G,KG_PER_CON_USD,0.186,0.185,0.195,0.195,0.198,0.188,0.184,0.178,0.176,0.175,0.169,0.168,0.172,0.172,0.173,0.174,0.176,0.167,0.169,0.164,,,,,,,,,,,,,,,,,,,,,,,
9,9.4,9.4.1,EN_ATM_CO2GDP,Carbon dioxide emissions per unit of GDP PPP (kilogrammes of CO2 per constant 2017 United States dollars),51,Armenia,G,KG_PER_CON_USD,0.275,0.254,0.189,0.186,0.178,0.187,0.166,0.169,0.173,0.163,0.152,0.167,0.181,0.169,0.163,0.154,0.148,0.145,0.144,0.145,,,,,,,,,,,,,,,,,,,,,,,
9,9.4,9.4.1,EN_ATM_CO2GDP,Carbon dioxide emissions per unit of GDP PPP (kilogrammes of CO2 per constant 2017 United States dollars),142,Asia,G,KG_PER_CON_USD,0.381,0.38,0.382,0.391,0.4,0.406,0.405,0.403,0.396,0.399,0.4,0.404,0.397,0.387,0.372,0.353,0.337,0.329,0.324,0.317,,,,,,,,,,,,,,,,,,,,,,,
9,9.4,9.4.1,EN_ATM_CO2GDP,Carbon dioxide emissions per unit of GDP PPP (kilogrammes of CO2 per constant 2017 United States dollars),36,Australia,G,KG_PER_CON_USD,0.456,0.456,0.448,0.434,0.433,0.425,0.419,0.415,0.403,0.402,0.387,0.376,0.362,0.347,0.33,0.328,0.326,0.323,0.311,0.304,,,,,,,,,,,,,,,,,,,,,,,
9,9.4,9.4.1,EN_ATM_CO2GDP,Carbon dioxide emissions per unit of GDP PPP (kilogrammes of CO2 per constant 2017 United States dollars),53,Australia and New Zealand,G,KG_PER_CON_USD,0.422,0.423,0.415,0.403,0.4,0.393,0.388,0.382,0.375,0.372,0.358,0.348,0.337,0.323,0.307,0.305,0.302,0.299,0.288,0.282,,,,,,,,,,,,,,,,,,,,,,,
9,9.4,9.4.1,EN_ATM_CO2GDP,Carbon dioxide emissions per unit of GDP PPP (kilogrammes of CO2 per constant 2017 United States dollars),40,Austria,G,KG_PER_CON_USD,0.166,0.176,0.177,0.188,0.186,0.183,0.172,0.159,0.155,0.147,0.158,0.149,0.141,0.143,0.134,0.135,0.133,0.135,0.125,0.127,,,,,,,,,,,,,,,,,,,,,,,
9,9.4,9.4.1,EN_ATM_CO2GDP,Carbon dioxide emissions per unit of GDP PPP (kilogrammes of CO2 per constant 2017 United States dollars),31,Azerbaijan,G,KG_PER_CON_USD,0.835,0.719,0.649,0.642,0.579,0.479,0.361,0.261,0.254,0.197,0.181,0.207,0.221,0.213,0.216,0.213,0.224,0.221,0.221,0.235,,,,,,,,,,,,,,,,,,,,,,,
9,9.4,9.4.1,EN_ATM_CO2GDP,Carbon dioxide emissions per unit of GDP PPP (kilogrammes of CO2 per constant 2017 United States dollars),48,Bahrain,G,KG_PER_CON_USD,0.482,0.486,0.494,0.484,0.45,0.487,0.497,0.469,0.476,0.461,0.461,0.453,0.456,0.458,0.462,0.455,0.433,0.418,0.416,0.441,,,,,,,,,,,,,,,,,,,,,,,
9,9.4,9.4.1,EN_ATM_CO2GDP,Carbon dioxide emissions per unit of GDP PPP (kilogrammes of CO2 per constant 2017 United States dollars),50,Bangladesh,G,KG_PER_CON_USD,0.085,0.096,0.098,0.098,0.1,0.101,0.104,0.103,0.107,0.109,0.117,0.119,0.119,0.117,0.116,0.123,0.118,0.117,0.114,0.115,,,,,,,,,,,,,,,,,,,,,,,
9,9.4,9.4.1,EN_ATM_CO2GDP,Carbon dioxide emissions per unit of GDP PPP (kilogrammes of CO2 per constant 2017 United States dollars),112,Belarus,G,KG_PER_CON_USD,0.648,0.605,0.574,0.543,0.516,0.477,0.451,0.404,0.385,0.363,0.362,0.326,0.327,0.324,0.314,0.303,0.313,0.311,0.319,0.305,,,,,,,,,,,,,,,,,,,,,,,
9,9.4,9.4.1,EN_ATM_CO2GDP,Carbon dioxide emissions per unit of GDP PPP (kilogrammes of CO2 per constant 2017 United States dollars),56,Belgium,G,KG_PER_CON_USD,0.258,0.259,0.238,0.246,0.234,0.222,0.212,0.197,0.2,0.191,0.199,0.176,0.173,0.175,0.16,0.166,0.163,0.158,0.156,0.152,,,,,,,,,,,,,,,,,,,,,,,
9,9.4,9.4.1,EN_ATM_CO2GDP,Carbon dioxide emissions per unit of GDP PPP (kilogrammes of CO2 per constant 2017 United States dollars),204,Benin,G,KG_PER_CON_USD,0.084,0.097,0.108,0.117,0.12,0.13,0.152,0.167,0.161,0.172,0.184,0.173,0.157,0.155,0.162,0.17,0.203,0.196,0.199,0.183,,,,,,,,,,,,,,,,,,,,,,,
9,9.4,9.4.1,EN_ATM_CO2GDP,Carbon dioxide emissions per unit of GDP PPP (kilogrammes of CO2 per constant 2017 United States dollars),68,Bolivia (Plurinational State of),G,KG_PER_CON_USD,0.154,0.154,0.155,0.165,0.168,0.172,0.186,0.193,0.197,0.202,0.212,0.221,0.221,0.222,0.23,0.222,0.227,0.226,0.221,0.208,,,,,,,,,,,,,,,,,,,,,,,
9,9.4,9.4.1,EN_ATM_CO2GDP,Carbon dioxide emissions per unit of GDP PPP (kilogrammes of CO2 per constant 2017 United States dollars),70,Bosnia and Herzegovina,G,KG_PER_CON_USD,0.514,0.485,0.485,0.477,0.469,0.45,0.47,0.469,0.489,0.503,0.505,0.572,0.533,0.518,0.456,0.446,0.493,0.484,0.465,0.421,,,,,,,,,,,,,,,,,,,,,,,
9,9.4,9.4.1,EN_ATM_CO2GDP,Carbon dioxide emissions per unit of GDP PPP (kilogrammes of CO2 per constant 2017 United States dollars),72,Botswana,G,KG_PER_CON_USD,0.215,0.205,0.201,0.187,0.185,0.191,0.168,0.164,0.157,0.158,0.117,0.13,0.11,0.156,0.194,0.196,0.179,0.193,0.184,0.177,,,,,,,,,,,,,,,,,,,,,,,
9,9.4,9.4.1,EN_ATM_CO2GDP,Carbon dioxide emissions per unit of GDP PPP (kilogrammes of CO2 per constant 2017 United States dollars),76,Brazil,G,KG_PER_CON_USD,0.145,0.147,0.142,0.138,0.138,0.134,0.131,0.129,0.13,0.121,0.129,0.13,0.138,0.144,0.151,0.149,0.142,0.144,0.134,0.132,,,,,,,,,,,,,,,,,,,,,,,
9,9.4,9.4.1,EN_ATM_CO2GDP,Carbon dioxide emissions per unit of GDP PPP (kilogrammes of CO2 per constant 2017 United States dollars),96,Brunei Darussalam,G,KG_PER_CON_USD,0.192,0.182,0.178,0.208,0.194,0.189,0.271,0.257,0.276,0.29,0.261,0.257,0.253,0.254,0.255,0.228,0.251,0.259,0.276,0.245,,,,,,,,,,,,,,,,,,,,,,,
9,9.4,9.4.1,EN_ATM_CO2GDP,Carbon dioxide emissions per unit of GDP PPP (kilogrammes of CO2 per constant 2017 United States dollars),100,Bulgaria,G,KG_PER_CON_USD,0.506,0.52,0.462,0.484,0.447,0.422,0.404,0.405,0.363,0.327,0.341,0.37,0.332,0.292,0.304,0.309,0.276,0.282,0.254,0.235,,,,,,,,,,,,,,,,,,,,,,,
9,9.4,9.4.1,EN_ATM_CO2GDP,Carbon dioxide emissions per unit of GDP PPP (kilogrammes of CO2 per constant 2017 United States dollars),116,Cambodia,G,KG_PER_CON_USD,0.109,0.111,0.107,0.106,0.096,0.094,0.095,0.105,0.1,0.12,0.123,0.118,0.116,0.109,0.125,0.141,0.164,0.165,0.167,0.178,,,,,,,,,,,,,,,,,,,,,,,
9,9.4,9.4.1,EN_ATM_CO2GDP,Carbon dioxide emissions per unit of GDP PPP (kilogrammes of CO2 per constant 2017 United States dollars),120,Cameroon,G,KG_PER_CON_USD,0.065,0.061,0.062,0.061,0.058,0.056,0.057,0.072,0.072,0.079,0.08,0.075,0.074,0.077,0.081,0.074,0.073,0.072,0.073,0.069,,,,,,,,,,,,,,,,,,,,,,,
9,9.4,9.4.1,EN_ATM_CO2GDP,Carbon dioxide emissions per unit of GDP PPP (kilogrammes of CO2 per constant 2017 United States dollars),124,Canada,G,KG_PER_CON_USD,0.441,0.429,0.43,0.43,0.408,0.398,0.375,0.371,0.354,0.346,0.345,0.342,0.336,0.334,0.327,0.324,0.32,0.316,0.315,0.31,,,,,,,,,,,,,,,,,,,,,,,
9,9.4,9.4.1,EN_ATM_CO2GDP,Carbon dioxide emissions per unit of GDP PPP (kilogrammes of CO2 per constant 2017 United States dollars),29,Caribbean,G,KG_PER_CON_USD,0.234,0.231,0.23,0.224,0.212,0.205,0.2,0.192,0.178,0.169,0.17,0.17,0.165,0.161,0.154,0.155,0.144,0.136,0.135,0.131,,,,,,,,,,,,,,,,,,,,,,,
9,9.4,9.4.1,EN_ATM_CO2GDP,Carbon dioxide emissions per unit of GDP PPP (kilogrammes of CO2 per constant 2017 United States dollars),135,Caucasus and Central Asia,G,KG_PER_CON_USD,0.938,0.843,0.822,0.796,0.771,0.711,0.676,0.633,0.67,0.577,0.586,0.586,0.547,0.532,0.449,0.415,0.427,0.427,0.418,0.402,,,,,,,,,,,,,,,,,,,,,,,
9,9.4,9.4.1,EN_ATM_CO2GDP,Carbon dioxide emissions per unit of GDP PPP (kilogrammes of CO2 per constant 2017 United States dollars),13,Central America,G,KG_PER_CON_USD,0.194,0.196,0.2,0.206,0.204,0.207,0.205,0.203,0.199,0.205,0.201,0.201,0.195,0.188,0.178,0.176,0.173,0.168,0.158,0.157,,,,,,,,,,,,,,,,,,,,,,,
9,9.4,9.4.1,EN_ATM_CO2GDP,Carbon dioxide emissions per unit of GDP PPP (kilogrammes of CO2 per constant 2017 United States dollars),62,Central and Southern Asia,G,KG_PER_CON_USD,0.355,0.348,0.347,0.333,0.334,0.327,0.326,0.329,0.339,0.334,0.326,0.326,0.33,0.323,0.318,0.299,0.284,0.283,0.279,0.271,,,,,,,,,,,,,,,,,,,,,,,
9,9.4,9.4.1,EN_ATM_CO2GDP,Carbon dioxide emissions per unit of GDP PPP (kilogrammes of CO2 per constant 2017 United States dollars),143,Central Asia,G,KG_PER_CON_USD,1.036,0.935,0.924,0.897,0.874,0.816,0.803,0.776,0.832,0.717,0.731,0.715,0.657,0.636,0.526,0.48,0.491,0.491,0.479,0.456,,,,,,,,,,,,,,,,,,,,,,,
9,9.4,9.4.1,EN_ATM_CO2GDP,Carbon dioxide emissions per unit of GDP PPP (kilogrammes of CO2 per constant 2017 United States dollars),152,Chile,G,KG_PER_CON_USD,0.203,0.188,0.186,0.183,0.187,0.181,0.174,0.188,0.191,0.187,0.189,0.196,0.191,0.194,0.176,0.185,0.191,0.191,0.183,0.191,,,,,,,,,,,,,,,,,,,,,,,
9,9.4,9.4.1,EN_ATM_CO2GDP,Carbon dioxide emissions per unit of GDP PPP (kilogrammes of CO2 per constant 2017 United States dollars),156,China,G,KG_PER_CON_USD,0.711,0.689,0.681,0.717,0.759,0.778,0.76,0.723,0.679,0.664,0.659,0.658,0.628,0.61,0.567,0.525,0.491,0.469,0.458,0.439,,,,,,,,,,,,,,,,,,,,,,,
9,9.4,9.4.1,EN_ATM_CO2GDP,Carbon dioxide emissions per unit of GDP PPP (kilogrammes of CO2 per constant 2017 United States dollars),344,"China, Hong Kong Special Administrative Region",G,KG_PER_CON_USD,0.168,0.168,0.161,0.171,0.144,0.141,0.131,0.129,0.122,0.132,0.115,0.117,0.114,0.114,0.114,0.103,0.103,0.098,0.095,0.095,,,,,,,,,,,,,,,,,,,,,,,
9,9.4,9.4.1,EN_ATM_CO2GDP,Carbon dioxide emissions per unit of GDP PPP (kilogrammes of CO2 per constant 2017 United States dollars),170,Colombia,G,KG_PER_CON_USD,0.151,0.149,0.14,0.133,0.127,0.123,0.116,0.11,0.108,0.112,0.11,0.111,0.106,0.113,0.111,0.109,0.112,0.099,0.102,0.102,,,,,,,,,,,,,,,,,,,,,,,
9,9.4,9.4.1,EN_ATM_CO2GDP,Carbon dioxide emissions per unit of GDP PPP (kilogrammes of CO2 per constant 2017 United States dollars),178,Congo,G,KG_PER_CON_USD,0.036,0.044,0.034,0.05,0.05,0.05,0.056,0.065,0.076,0.078,0.083,0.093,0.09,0.103,0.1,0.125,0.131,0.131,0.148,0.177,,,,,,,,,,,,,,,,,,,,,,,
9,9.4,9.4.1,EN_ATM_CO2GDP,Carbon dioxide emissions per unit of GDP PPP (kilogrammes of CO2 per constant 2017 United States dollars),188,Costa Rica,G,KG_PER_CON_USD,0.09,0.095,0.094,0.095,0.091,0.09,0.092,0.095,0.091,0.087,0.086,0.086,0.082,0.083,0.081,0.075,0.077,0.075,0.074,0.071,,,,,,,,,,,,,,,,,,,,,,,
9,9.4,9.4.1,EN_ATM_CO2GDP,Carbon dioxide emissions per unit of GDP PPP (kilogrammes of CO2 per constant 2017 United States dollars),384,Côte d'Ivoire,G,KG_PER_CON_USD,0.094,0.093,0.096,0.079,0.082,0.086,0.082,0.08,0.089,0.08,0.082,0.083,0.099,0.099,0.096,0.094,0.086,0.088,0.08,0.08,,,,,,,,,,,,,,,,,,,,,,,
9,9.4,9.4.1,EN_ATM_CO2GDP,Carbon dioxide emissions per unit of GDP PPP (kilogrammes of CO2 per constant 2017 United States dollars),191,Croatia,G,KG_PER_CON_USD,0.206,0.212,0.213,0.216,0.201,0.196,0.187,0.19,0.177,0.18,0.175,0.172,0.161,0.157,0.149,0.149,0.148,0.146,0.134,0.131,,,,,,,,,,,,,,,,,,,,,,,
9,9.4,9.4.1,EN_ATM_CO2GDP,Carbon dioxide emissions per unit of GDP PPP (kilogrammes of CO2 per constant 2017 United States dollars),192,Cuba,G,KG_PER_CON_USD,0.177,0.166,0.157,0.146,0.137,0.127,0.115,0.111,0.103,0.103,0.106,0.101,0.102,0.1,0.092,0.097,0.089,0.085,0.084,0.08,,,,,,,,,,,,,,,,,,,,,,,
9,9.4,9.4.1,EN_ATM_CO2GDP,Carbon dioxide emissions per unit of GDP PPP (kilogrammes of CO2 per constant 2017 United States dollars),531,Curaçao,G,KG_PER_CON_USD,1.415,1.435,1.367,1.367,1.425,1.492,1.445,1.532,1.484,1.398,1.032,1.318,1.194,1.098,1.247,1.257,1.086,0.877,0.711,0.563,,,,,,,,,,,,,,,,,,,,,,,
9,9.4,9.4.1,EN_ATM_CO2GDP,Carbon dioxide emissions per unit of GDP PPP (kilogrammes of CO2 per constant 2017 United States dollars),196,Cyprus,G,KG_PER_CON_USD,0.278,0.262,0.259,0.279,0.262,0.255,0.246,0.244,0.241,0.244,0.231,0.222,0.214,0.197,0.206,0.204,0.204,0.197,0.185,0.181,,,,,,,,,,,,,,,,,,,,,,,
9,9.4,9.4.1,EN_ATM_CO2GDP,Carbon dioxide emissions per unit of GDP PPP (kilogrammes of CO2 per constant 2017 United States dollars),203,Czechia,G,KG_PER_CON_USD,0.473,0.459,0.437,0.437,0.419,0.382,0.359,0.348,0.324,0.32,0.316,0.301,0.295,0.282,0.265,0.256,0.256,0.243,0.233,0.217,,,,,,,,,,,,,,,,,,,,,,,
9,9.4,9.4.1,EN_ATM_CO2GDP,Carbon dioxide emissions per unit of GDP PPP (kilogrammes of CO2 per constant 2017 United States dollars),408,Democratic People's Republic of Korea,G,KG_PER_CON_USD,NaN,NaN,NaN,NaN,NaN,NaN,NaN,NaN,NaN,NaN,NaN,NaN,NaN,NaN,NaN,NaN,NaN,NaN,NaN,NaN,,,,,,,,,,,,,,,,,,,,,,,
9,9.4,9.4.1,EN_ATM_CO2GDP,Carbon dioxide emissions per unit of GDP PPP (kilogrammes of CO2 per constant 2017 United States dollars),180,Democratic Republic of the Congo,G,KG_PER_CON_USD,0.024,0.021,0.022,0.025,0.025,0.03,0.031,0.032,0.034,0.033,0.033,0.039,0.036,0.05,0.061,0.034,0.024,0.026,0.023,0.023,,,,,,,,,,,,,,,,,,,,,,,
9,9.4,9.4.1,EN_ATM_CO2GDP,Carbon dioxide emissions per unit of GDP PPP (kilogrammes of CO2 per constant 2017 United States dollars),208,Denmark,G,KG_PER_CON_USD,0.194,0.199,0.197,0.216,0.19,0.174,0.195,0.177,0.167,0.17,0.168,0.147,0.13,0.134,0.118,0.108,0.109,0.099,0.097,0.085,,,,,,,,,,,,,,,,,,,,,,,
9,9.4,9.4.1,EN_ATM_CO2GDP,Carbon dioxide emissions per unit of GDP PPP (kilogrammes of CO2 per constant 2017 United States dollars),514,"Developed regions (Europe, Cyprus, Israel, Northern America, Japan, Australia & New Zealand)",G,KG_PER_CON_USD,0.328,0.323,0.315,0.313,0.304,0.295,0.284,0.278,0.269,0.261,0.265,0.256,0.249,0.246,0.236,0.228,0.222,0.216,0.213,0.203,,,,,,,,,,,,,,,,,,,,,,,
9,9.4,9.4.1,EN_ATM_CO2GDP,Carbon dioxide emissions per unit of GDP PPP (kilogrammes of CO2 per constant 2017 United States dollars),515,Developing regions,G,KG_PER_CON_USD,0.342,0.344,0.344,0.352,0.361,0.365,0.364,0.36,0.356,0.357,0.358,0.36,0.354,0.348,0.337,0.321,0.308,0.302,0.298,0.292,,,,,,,,,,,,,,,,,,,,,,,
9,9.4,9.4.1,EN_ATM_CO2GDP,Carbon dioxide emissions per unit of GDP PPP (kilogrammes of CO2 per constant 2017 United States dollars),214,Dominican Republic,G,KG_PER_CON_USD,0.223,0.22,0.232,0.21,0.189,0.187,0.184,0.173,0.167,0.159,0.154,0.151,0.153,0.143,0.132,0.137,0.134,0.122,0.124,0.127,,,,,,,,,,,,,,,,,,,,,,,
9,9.4,9.4.1,EN_ATM_CO2GDP,Carbon dioxide emissions per unit of GDP PPP (kilogrammes of CO2 per constant 2017 United States dollars),14,Eastern Africa,G,KG_PER_CON_USD,0.119,0.116,0.112,0.104,0.105,0.104,0.101,0.096,0.09,0.089,0.09,0.094,0.095,0.098,0.098,0.098,0.096,0.093,0.092,0.094,,,,,,,,,,,,,,,,,,,,,,,
9,9.4,9.4.1,EN_ATM_CO2GDP,Carbon dioxide emissions per unit of GDP PPP (kilogrammes of CO2 per constant 2017 United States dollars),753,Eastern and South-Eastern Asia,G,KG_PER_CON_USD,0.413,0.411,0.413,0.431,0.45,0.462,0.461,0.454,0.44,0.443,0.446,0.455,0.441,0.432,0.411,0.388,0.369,0.358,0.353,0.344,,,,,,,,,,,,,,,,,,,,,,,
9,9.4,9.4.1,EN_ATM_CO2GDP,Carbon dioxide emissions per unit of GDP PPP (kilogrammes of CO2 per constant 2017 United States dollars),30,Eastern Asia,G,KG_PER_CON_USD,0.47,0.466,0.469,0.492,0.517,0.534,0.533,0.524,0.505,0.509,0.512,0.521,0.507,0.497,0.469,0.44,0.418,0.404,0.396,0.383,,,,,,,,,,,,,,,,,,,,,,,
9,9.4,9.4.1,EN_ATM_CO2GDP,Carbon dioxide emissions per unit of GDP PPP (kilogrammes of CO2 per constant 2017 United States dollars),518,Eastern Asia (excluding Japan),G,KG_PER_CON_USD,0.641,0.626,0.613,0.643,0.677,0.693,0.681,0.652,0.619,0.61,0.607,0.608,0.584,0.568,0.53,0.494,0.465,0.447,0.437,0.42,,,,,,,,,,,,,,,,,,,,,,,
9,9.4,9.4.1,EN_ATM_CO2GDP,Carbon dioxide emissions per unit of GDP PPP (kilogrammes of CO2 per constant 2017 United States dollars),151,Eastern Europe,G,KG_PER_CON_USD,0.599,0.575,0.547,0.533,0.49,0.461,0.442,0.411,0.392,0.384,0.392,0.39,0.377,0.36,0.347,0.34,0.335,0.329,0.327,0.318,,,,,,,,,,,,,,,,,,,,,,,
9,9.4,9.4.1,EN_ATM_CO2GDP,Carbon dioxide emissions per unit of GDP PPP (kilogrammes of CO2 per constant 2017 United States dollars),218,Ecuador,G,KG_PER_CON_USD,0.177,0.188,0.182,0.18,0.177,0.181,0.187,0.185,0.178,0.195,0.203,0.191,0.188,0.192,0.194,0.193,0.187,0.176,0.183,0.179,,,,,,,,,,,,,,,,,,,,,,,
9,9.4,9.4.1,EN_ATM_CO2GDP,Carbon dioxide emissions per unit of GDP PPP (kilogrammes of CO2 per constant 2017 United States dollars),818,Egypt,G,KG_PER_CON_USD,0.188,0.202,0.201,0.202,0.212,0.229,0.225,0.225,0.22,0.214,0.207,0.21,0.213,0.208,0.207,0.204,0.199,0.204,0.199,0.191,,,,,,,,,,,,,,,,,,,,,,,
9,9.4,9.4.1,EN_ATM_CO2GDP,Carbon dioxide emissions per unit of GDP PPP (kilogrammes of CO2 per constant 2017 United States dollars),222,El Salvador,G,KG_PER_CON_USD,0.134,0.138,0.136,0.148,0.152,0.153,0.154,0.161,0.141,0.14,0.133,0.133,0.129,0.121,0.123,0.128,0.128,0.111,0.116,0.131,,,,,,,,,,,,,,,,,,,,,,,
9,9.4,9.4.1,EN_ATM_CO2GDP,Carbon dioxide emissions per unit of GDP PPP (kilogrammes of CO2 per constant 2017 United States dollars),226,Equatorial Guinea,G,KG_PER_CON_USD,0.089,0.084,0.21,0.197,0.183,0.243,0.269,0.203,0.213,0.217,0.242,0.24,0.228,0.22,0.185,0.166,0.193,0.184,0.22,0.191,,,,,,,,,,,,,,,,,,,,,,,
9,9.4,9.4.1,EN_ATM_CO2GDP,Carbon dioxide emissions per unit of GDP PPP (kilogrammes of CO2 per constant 2017 United States dollars),232,Eritrea,G,KG_PER_CON_USD,NaN,NaN,NaN,NaN,NaN,NaN,NaN,NaN,NaN,NaN,NaN,NaN,NaN,NaN,NaN,NaN,NaN,NaN,NaN,NaN,,,,,,,,,,,,,,,,,,,,,,,
9,9.4,9.4.1,EN_ATM_CO2GDP,Carbon dioxide emissions per unit of GDP PPP (kilogrammes of CO2 per constant 2017 United States dollars),233,Estonia,G,KG_PER_CON_USD,0.586,0.57,0.519,0.549,0.516,0.477,0.401,0.465,0.449,0.436,0.537,0.475,0.428,0.484,0.435,0.374,0.374,0.368,0.323,0.202,,,,,,,,,,,,,,,,,,,,,,,
9,9.4,9.4.1,EN_ATM_CO2GDP,Carbon dioxide emissions per unit of GDP PPP (kilogrammes of CO2 per constant 2017 United States dollars),231,Ethiopia,G,KG_PER_CON_USD,0.066,0.077,0.079,0.088,0.082,0.067,0.065,0.066,0.064,0.06,0.053,0.055,0.053,0.057,0.063,0.056,0.06,0.057,0.059,0.059,,,,,,,,,,,,,,,,,,,,,,,
9,9.4,9.4.1,EN_ATM_CO2GDP,Carbon dioxide emissions per unit of GDP PPP (kilogrammes of CO2 per constant 2017 United States dollars),150,Europe,G,KG_PER_CON_USD,0.281,0.277,0.271,0.272,0.262,0.253,0.246,0.234,0.228,0.222,0.225,0.219,0.216,0.21,0.197,0.194,0.19,0.185,0.181,0.174,,,,,,,,,,,,,,,,,,,,,,,
9,9.4,9.4.1,EN_ATM_CO2GDP,Carbon dioxide emissions per unit of GDP PPP (kilogrammes of CO2 per constant 2017 United States dollars),513,Europe and Northern America,G,KG_PER_CON_USD,0.335,0.33,0.319,0.318,0.308,0.298,0.287,0.279,0.271,0.261,0.266,0.255,0.246,0.243,0.234,0.226,0.22,0.213,0.211,0.202,,,,,,,,,,,,,,,,,,,,,,,
9,9.4,9.4.1,EN_ATM_CO2GDP,Carbon dioxide emissions per unit of GDP PPP (kilogrammes of CO2 per constant 2017 United States dollars),246,Finland,G,KG_PER_CON_USD,0.264,0.286,0.292,0.324,0.294,0.234,0.272,0.251,0.216,0.226,0.252,0.216,0.197,0.202,0.186,0.171,0.178,0.162,0.166,0.149,,,,,,,,,,,,,,,,,,,,,,,
9,9.4,9.4.1,EN_ATM_CO2GDP,Carbon dioxide emissions per unit of GDP PPP (kilogrammes of CO2 per constant 2017 United States dollars),250,France,G,KG_PER_CON_USD,0.151,0.149,0.145,0.146,0.143,0.141,0.134,0.128,0.126,0.125,0.124,0.117,0.118,0.117,0.105,0.106,0.105,0.104,0.099,0.095,,,,,,,,,,,,,,,,,,,,,,,
9,9.4,9.4.1,EN_ATM_CO2GDP,Carbon dioxide emissions per unit of GDP PPP (kilogrammes of CO2 per constant 2017 United States dollars),266,Gabon,G,KG_PER_CON_USD,0.072,0.071,0.067,0.066,0.067,0.079,0.085,0.086,0.092,0.095,0.113,0.119,0.118,0.118,0.112,0.108,0.113,0.081,0.079,0.075,,,,,,,,,,,,,,,,,,,,,,,
9,9.4,9.4.1,EN_ATM_CO2GDP,Carbon dioxide emissions per unit of GDP PPP (kilogrammes of CO2 per constant 2017 United States dollars),268,Georgia,G,KG_PER_CON_USD,0.231,0.161,0.127,0.123,0.123,0.142,0.145,0.155,0.13,0.153,0.135,0.15,0.157,0.165,0.172,0.182,0.185,0.176,0.165,0.167,,,,,,,,,,,,,,,,,,,,,,,
9,9.4,9.4.1,EN_ATM_CO2GDP,Carbon dioxide emissions per unit of GDP PPP (kilogrammes of CO2 per constant 2017 United States dollars),276,Germany,G,KG_PER_CON_USD,0.231,0.232,0.229,0.231,0.224,0.217,0.213,0.198,0.198,0.196,0.198,0.183,0.186,0.19,0.176,0.175,0.172,0.164,0.157,0.145,,,,,,,,,,,,,,,,,,,,,,,
9,9.4,9.4.1,EN_ATM_CO2GDP,Carbon dioxide emissions per unit of GDP PPP (kilogrammes of CO2 per constant 2017 United States dollars),288,Ghana,G,KG_PER_CON_USD,0.094,0.099,0.116,0.106,0.092,0.094,0.108,0.112,0.096,0.108,0.112,0.102,0.111,0.111,0.103,0.108,0.106,0.103,0.109,0.111,,,,,,,,,,,,,,,,,,,,,,,
9,9.4,9.4.1,EN_ATM_CO2GDP,Carbon dioxide emissions per unit of GDP PPP (kilogrammes of CO2 per constant 2017 United States dollars),292,Gibraltar,G,KG_PER_CON_USD,NaN,NaN,NaN,NaN,NaN,NaN,NaN,NaN,NaN,NaN,NaN,NaN,NaN,NaN,NaN,NaN,NaN,NaN,NaN,NaN,,,,,,,,,,,,,,,,,,,,,,,
9,9.4,9.4.1,EN_ATM_CO2GDP,Carbon dioxide emissions per unit of GDP PPP (kilogrammes of CO2 per constant 2017 United States dollars),300,Greece,G,KG_PER_CON_USD,0.279,0.274,0.265,0.26,0.246,0.249,0.233,0.235,0.227,0.227,0.222,0.243,0.246,0.226,0.214,0.211,0.207,0.205,0.197,0.178,,,,,,,,,,,,,,,,,,,,,,,
9,9.4,9.4.1,EN_ATM_CO2GDP,Carbon dioxide emissions per unit of GDP PPP (kilogrammes of CO2 per constant 2017 United States dollars),320,Guatemala,G,KG_PER_CON_USD,0.114,0.116,0.12,0.118,0.116,0.121,0.114,0.116,0.101,0.111,0.099,0.097,0.098,0.102,0.104,0.118,0.124,0.113,0.122,0.124,,,,,,,,,,,,,,,,,,,,,,,
9,9.4,9.4.1,EN_ATM_CO2GDP,Carbon dioxide emissions per unit of GDP PPP (kilogrammes of CO2 per constant 2017 United States dollars),328,Guyana,G,KG_PER_CON_USD,0.286,0.277,0.27,0.271,0.276,0.249,0.213,0.24,0.236,0.23,0.24,0.237,0.246,0.234,0.24,0.236,0.258,0.249,0.25,0.262,,,,,,,,,,,,,,,,,,,,,,,
9,9.4,9.4.1,EN_ATM_CO2GDP,Carbon dioxide emissions per unit of GDP PPP (kilogrammes of CO2 per constant 2017 United States dollars),332,Haiti,G,KG_PER_CON_USD,0.065,0.067,0.075,0.072,0.066,0.065,0.065,0.074,0.072,0.066,0.086,0.093,0.082,0.087,0.095,0.102,0.103,0.099,0.097,0.099,,,,,,,,,,,,,,,,,,,,,,,
9,9.4,9.4.1,EN_ATM_CO2GDP,Carbon dioxide emissions per unit of GDP PPP (kilogrammes of CO2 per constant 2017 United States dollars),340,Honduras,G,KG_PER_CON_USD,0.166,0.191,0.195,0.208,0.22,0.19,0.204,0.206,0.198,0.191,0.187,0.194,0.194,0.193,0.19,0.191,0.175,0.163,0.17,0.169,,,,,,,,,,,,,,,,,,,,,,,
9,9.4,9.4.1,EN_ATM_CO2GDP,Carbon dioxide emissions per unit of GDP PPP (kilogrammes of CO2 per constant 2017 United States dollars),348,Hungary,G,KG_PER_CON_USD,0.269,0.266,0.251,0.253,0.234,0.223,0.212,0.205,0.2,0.194,0.193,0.186,0.174,0.161,0.154,0.158,0.158,0.158,0.15,0.143,,,,,,,,,,,,,,,,,,,,,,,
9,9.4,9.4.1,EN_ATM_CO2GDP,Carbon dioxide emissions per unit of GDP PPP (kilogrammes of CO2 per constant 2017 United States dollars),352,Iceland,G,KG_PER_CON_USD,0.185,0.173,0.181,0.176,0.169,0.157,0.15,0.141,0.126,0.134,0.129,0.122,0.12,0.125,0.124,0.119,0.089,0.088,0.085,0.08,,,,,,,,,,,,,,,,,,,,,,,
9,9.4,9.4.1,EN_ATM_CO2GDP,Carbon dioxide emissions per unit of GDP PPP (kilogrammes of CO2 per constant 2017 United States dollars),356,India,G,KG_PER_CON_USD,0.327,0.317,0.315,0.3,0.298,0.289,0.285,0.292,0.302,0.308,0.301,0.302,0.311,0.302,0.306,0.284,0.267,0.265,0.262,0.252,,,,,,,,,,,,,,,,,,,,,,,
9,9.4,9.4.1,EN_ATM_CO2GDP,Carbon dioxide emissions per unit of GDP PPP (kilogrammes of CO2 per constant 2017 United States dollars),360,Indonesia,G,KG_PER_CON_USD,0.212,0.22,0.215,0.226,0.22,0.209,0.212,0.209,0.194,0.194,0.195,0.211,0.2,0.175,0.181,0.175,0.163,0.166,0.177,0.183,,,,,,,,,,,,,,,,,,,,,,,
9,9.4,9.4.1,EN_ATM_CO2GDP,Carbon dioxide emissions per unit of GDP PPP (kilogrammes of CO2 per constant 2017 United States dollars),364,Iran (Islamic Republic of),G,KG_PER_CON_USD,0.473,0.491,0.48,0.46,0.476,0.499,0.511,0.505,0.511,0.524,0.49,0.486,0.532,0.557,0.554,0.558,0.493,0.49,0.532,0.568,,,,,,,,,,,,,,,,,,,,,,,
9,9.4,9.4.1,EN_ATM_CO2GDP,Carbon dioxide emissions per unit of GDP PPP (kilogrammes of CO2 per constant 2017 United States dollars),368,Iraq,G,KG_PER_CON_USD,0.329,0.367,0.375,0.528,0.367,0.35,0.319,0.287,0.308,0.314,0.343,0.33,0.321,0.322,0.306,0.277,0.259,0.295,0.319,0.333,,,,,,,,,,,,,,,,,,,,,,,
9,9.4,9.4.1,EN_ATM_CO2GDP,Carbon dioxide emissions per unit of GDP PPP (kilogrammes of CO2 per constant 2017 United States dollars),372,Ireland,G,KG_PER_CON_USD,0.221,0.22,0.204,0.197,0.187,0.185,0.178,0.166,0.172,0.163,0.16,0.145,0.146,0.138,0.126,0.104,0.107,0.095,0.087,0.078,,,,,,,,,,,,,,,,,,,,,,,
9,9.4,9.4.1,EN_ATM_CO2GDP,Carbon dioxide emissions per unit of GDP PPP (kilogrammes of CO2 per constant 2017 United States dollars),376,Israel,G,KG_PER_CON_USD,0.278,0.284,0.299,0.305,0.293,0.272,0.271,0.266,0.259,0.254,0.258,0.243,0.259,0.219,0.203,0.203,0.193,0.188,0.169,0.168,,,,,,,,,,,,,,,,,,,,,,,
9,9.4,9.4.1,EN_ATM_CO2GDP,Carbon dioxide emissions per unit of GDP PPP (kilogrammes of CO2 per constant 2017 United States dollars),380,Italy,G,KG_PER_CON_USD,0.172,0.168,0.17,0.177,0.179,0.178,0.172,0.167,0.163,0.154,0.155,0.151,0.148,0.139,0.132,0.135,0.132,0.128,0.125,0.121,,,,,,,,,,,,,,,,,,,,,,,
9,9.4,9.4.1,EN_ATM_CO2GDP,Carbon dioxide emissions per unit of GDP PPP (kilogrammes of CO2 per constant 2017 United States dollars),388,Jamaica,G,KG_PER_CON_USD,0.395,0.39,0.389,0.387,0.381,0.378,0.42,0.414,0.331,0.278,0.27,0.267,0.247,0.261,0.25,0.244,0.259,0.245,0.29,0.28,,,,,,,,,,,,,,,,,,,,,,,
9,9.4,9.4.1,EN_ATM_CO2GDP,Carbon dioxide emissions per unit of GDP PPP (kilogrammes of CO2 per constant 2017 United States dollars),392,Japan,G,KG_PER_CON_USD,0.254,0.25,0.259,0.257,0.25,0.246,0.238,0.242,0.231,0.233,0.235,0.247,0.252,0.248,0.238,0.228,0.225,0.217,0.209,0.202,,,,,,,,,,,,,,,,,,,,,,,
9,9.4,9.4.1,EN_ATM_CO2GDP,Carbon dioxide emissions per unit of GDP PPP (kilogrammes of CO2 per constant 2017 United States dollars),400,Jordan,G,KG_PER_CON_USD,0.34,0.319,0.312,0.309,0.305,0.303,0.285,0.274,0.241,0.24,0.229,0.234,0.263,0.252,0.262,0.252,0.241,0.249,0.23,0.224,,,,,,,,,,,,,,,,,,,,,,,
9,9.4,9.4.1,EN_ATM_CO2GDP,Carbon dioxide emissions per unit of GDP PPP (kilogrammes of CO2 per constant 2017 United States dollars),398,Kazakhstan,G,KG_PER_CON_USD,0.732,0.629,0.627,0.647,0.641,0.626,0.624,0.62,0.738,0.642,0.653,0.646,0.613,0.617,0.47,0.421,0.448,0.459,0.447,0.42,,,,,,,,,,,,,,,,,,,,,,,
9,9.4,9.4.1,EN_ATM_CO2GDP,Carbon dioxide emissions per unit of GDP PPP (kilogrammes of CO2 per constant 2017 United States dollars),404,Kenya,G,KG_PER_CON_USD,0.085,0.074,0.071,0.06,0.065,0.068,0.072,0.067,0.071,0.081,0.08,0.076,0.067,0.074,0.074,0.081,0.085,0.082,0.071,0.088,,,,,,,,,,,,,,,,,,,,,,,
9,9.4,9.4.1,EN_ATM_CO2GDP,Carbon dioxide emissions per unit of GDP PPP (kilogrammes of CO2 per constant 2017 United States dollars),412,Kosovo,G,KG_PER_CON_USD,0.637,0.636,0.637,0.633,0.623,0.57,0.551,0.538,0.545,0.585,0.586,0.554,0.509,0.502,0.443,0.496,0.503,0.432,0.422,0.419,,,,,,,,,,,,,,,,,,,,,,,
9,9.4,9.4.1,EN_ATM_CO2GDP,Carbon dioxide emissions per unit of GDP PPP (kilogrammes of CO2 per constant 2017 United States dollars),414,Kuwait,G,KG_PER_CON_USD,0.407,0.441,0.444,0.389,0.378,0.39,0.377,0.349,0.369,0.41,0.438,0.415,0.4,0.403,0.392,0.41,0.405,0.425,0.422,0.426,,,,,,,,,,,,,,,,,,,,,,,
9,9.4,9.4.1,EN_ATM_CO2GDP,Carbon dioxide emissions per unit of GDP PPP (kilogrammes of CO2 per constant 2017 United States dollars),417,Kyrgyzstan,G,KG_PER_CON_USD,0.295,0.237,0.298,0.309,0.285,0.269,0.26,0.293,0.318,0.288,0.268,0.302,0.4,0.329,0.328,0.338,0.308,0.283,0.323,0.274,,,,,,,,,,,,,,,,,,,,,,,
9,9.4,9.4.1,EN_ATM_CO2GDP,Carbon dioxide emissions per unit of GDP PPP (kilogrammes of CO2 per constant 2017 United States dollars),432,Landlocked developing countries (LLDCs),G,KG_PER_CON_USD,0.564,0.527,0.526,0.522,0.511,0.484,0.469,0.448,0.469,0.41,0.412,0.412,0.388,0.377,0.327,0.304,0.314,0.314,0.309,0.297,,,,,,,,,,,,,,,,,,,,,,,
9,9.4,9.4.1,EN_ATM_CO2GDP,Carbon dioxide emissions per unit of GDP PPP (kilogrammes of CO2 per constant 2017 United States dollars),418,Lao People's Democratic Republic,G,KG_PER_CON_USD,0.057,0.06,0.059,0.058,0.058,0.056,0.066,0.066,0.073,0.077,0.08,0.078,0.077,0.087,0.085,0.174,0.305,0.348,0.333,0.304,,,,,,,,,,,,,,,,,,,,,,,
9,9.4,9.4.1,EN_ATM_CO2GDP,Carbon dioxide emissions per unit of GDP PPP (kilogrammes of CO2 per constant 2017 United States dollars),419,Latin America and the Caribbean,G,KG_PER_CON_USD,0.191,0.192,0.192,0.191,0.189,0.187,0.183,0.179,0.178,0.176,0.178,0.176,0.178,0.177,0.175,0.173,0.169,0.163,0.156,0.152,,,,,,,,,,,,,,,,,,,,,,,
9,9.4,9.4.1,EN_ATM_CO2GDP,Carbon dioxide emissions per unit of GDP PPP (kilogrammes of CO2 per constant 2017 United States dollars),428,Latvia,G,KG_PER_CON_USD,0.225,0.224,0.209,0.199,0.183,0.168,0.159,0.15,0.148,0.156,0.183,0.156,0.143,0.138,0.133,0.13,0.126,0.12,0.125,0.119,,,,,,,,,,,,,,,,,,,,,,,
9,9.4,9.4.1,EN_ATM_CO2GDP,Carbon dioxide emissions per unit of GDP PPP (kilogrammes of CO2 per constant 2017 United States dollars),199,Least Developed Countries (LDCs),G,KG_PER_CON_USD,0.115,0.119,0.119,0.124,0.123,0.119,0.118,0.116,0.115,0.12,0.121,0.121,0.119,0.122,0.123,0.121,0.124,0.125,0.124,0.124,,,,,,,,,,,,,,,,,,,,,,,
9,9.4,9.4.1,EN_ATM_CO2GDP,Carbon dioxide emissions per unit of GDP PPP (kilogrammes of CO2 per constant 2017 United States dollars),422,Lebanon,G,KG_PER_CON_USD,0.254,0.265,0.256,0.247,0.234,0.217,0.209,0.172,0.201,0.216,0.189,0.191,0.211,0.2,0.212,0.231,0.236,0.247,0.237,0.256,,,,,,,,,,,,,,,,,,,,,,,
9,9.4,9.4.1,EN_ATM_CO2GDP,Carbon dioxide emissions per unit of GDP PPP (kilogrammes of CO2 per constant 2017 United States dollars),434,Libya,G,KG_PER_CON_USD,0.402,0.418,0.437,0.405,0.388,0.381,0.355,0.314,0.332,0.361,0.362,0.698,0.397,0.499,0.65,0.637,0.66,0.529,0.463,0.446,,,,,,,,,,,,,,,,,,,,,,,
9,9.4,9.4.1,EN_ATM_CO2GDP,Carbon dioxide emissions per unit of GDP PPP (kilogrammes of CO2 per constant 2017 United States dollars),440,Lithuania,G,KG_PER_CON_USD,0.211,0.211,0.198,0.18,0.178,0.178,0.166,0.152,0.147,0.156,0.166,0.147,0.141,0.129,0.12,0.118,0.117,0.113,0.112,0.108,,,,,,,,,,,,,,,,,,,,,,,
9,9.4,9.4.1,EN_ATM_CO2GDP,Carbon dioxide emissions per unit of GDP PPP (kilogrammes of CO2 per constant 2017 United States dollars),442,Luxembourg,G,KG_PER_CON_USD,0.193,0.203,0.21,0.218,0.239,0.238,0.222,0.194,0.195,0.194,0.195,0.188,0.185,0.169,0.154,0.14,0.129,0.129,0.13,0.129,,,,,,,,,,,,,,,,,,,,,,,
9,9.4,9.4.1,EN_ATM_CO2GDP,Carbon dioxide emissions per unit of GDP PPP (kilogrammes of CO2 per constant 2017 United States dollars),458,Malaysia,G,KG_PER_CON_USD,0.312,0.325,0.323,0.321,0.332,0.335,0.329,0.341,0.348,0.315,0.328,0.314,0.3,0.31,0.308,0.294,0.276,0.254,0.262,0.261,,,,,,,,,,,,,,,,,,,,,,,
9,9.4,9.4.1,EN_ATM_CO2GDP,Carbon dioxide emissions per unit of GDP PPP (kilogrammes of CO2 per constant 2017 United States dollars),470,Malta,G,KG_PER_CON_USD,0.199,0.235,0.213,0.231,0.229,0.224,0.221,0.216,0.209,0.194,0.19,0.188,0.191,0.158,0.146,0.093,0.073,0.076,0.074,0.075,,,,,,,,,,,,,,,,,,,,,,,
9,9.4,9.4.1,EN_ATM_CO2GDP,Carbon dioxide emissions per unit of GDP PPP (kilogrammes of CO2 per constant 2017 United States dollars),480,Mauritius,G,KG_PER_CON_USD,0.172,0.176,0.176,0.175,0.169,0.178,0.189,0.184,0.178,0.17,0.174,0.166,0.165,0.163,0.163,0.158,0.155,0.154,0.147,0.144,,,,,,,,,,,,,,,,,,,,,,,
9,9.4,9.4.1,EN_ATM_CO2GDP,Carbon dioxide emissions per unit of GDP PPP (kilogrammes of CO2 per constant 2017 United States dollars),54,Melanesia,G,KG_PER_CON_USD,NaN,NaN,NaN,NaN,NaN,NaN,NaN,NaN,NaN,NaN,NaN,NaN,NaN,NaN,NaN,NaN,NaN,NaN,NaN,NaN,,,,,,,,,,,,,,,,,,,,,,,
9,9.4,9.4.1,EN_ATM_CO2GDP,Carbon dioxide emissions per unit of GDP PPP (kilogrammes of CO2 per constant 2017 United States dollars),484,Mexico,G,KG_PER_CON_USD,0.205,0.206,0.211,0.218,0.215,0.219,0.217,0.215,0.213,0.22,0.217,0.217,0.211,0.203,0.191,0.188,0.185,0.181,0.169,0.167,,,,,,,,,,,,,,,,,,,,,,,
9,9.4,9.4.1,EN_ATM_CO2GDP,Carbon dioxide emissions per unit of GDP PPP (kilogrammes of CO2 per constant 2017 United States dollars),57,Micronesia,G,KG_PER_CON_USD,NaN,NaN,NaN,NaN,NaN,NaN,NaN,NaN,NaN,NaN,NaN,NaN,NaN,NaN,NaN,NaN,NaN,NaN,NaN,NaN,,,,,,,,,,,,,,,,,,,,,,,
9,9.4,9.4.1,EN_ATM_CO2GDP,Carbon dioxide emissions per unit of GDP PPP (kilogrammes of CO2 per constant 2017 United States dollars),17,Middle Africa,G,KG_PER_CON_USD,0.055,0.056,0.062,0.069,0.07,0.067,0.075,0.075,0.081,0.088,0.089,0.091,0.089,0.095,0.095,0.089,0.085,0.076,0.078,0.08,,,,,,,,,,,,,,,,,,,,,,,
9,9.4,9.4.1,EN_ATM_CO2GDP,Carbon dioxide emissions per unit of GDP PPP (kilogrammes of CO2 per constant 2017 United States dollars),496,Mongolia,G,KG_PER_CON_USD,0.825,0.8,0.816,0.738,0.686,0.739,0.764,0.726,0.663,0.708,0.695,0.653,0.634,0.611,0.556,0.518,0.538,0.547,0.559,0.57,,,,,,,,,,,,,,,,,,,,,,,
9,9.4,9.4.1,EN_ATM_CO2GDP,Carbon dioxide emissions per unit of GDP PPP (kilogrammes of CO2 per constant 2017 United States dollars),499,Montenegro,G,KG_PER_CON_USD,NaN,NaN,NaN,NaN,NaN,0.232,0.233,0.21,0.251,0.173,0.249,0.237,0.224,0.21,0.202,0.208,0.184,0.185,0.194,0.194,,,,,,,,,,,,,,,,,,,,,,,
9,9.4,9.4.1,EN_ATM_CO2GDP,Carbon dioxide emissions per unit of GDP PPP (kilogrammes of CO2 per constant 2017 United States dollars),504,Morocco,G,KG_PER_CON_USD,0.232,0.236,0.237,0.222,0.234,0.243,0.233,0.23,0.227,0.217,0.225,0.234,0.234,0.22,0.223,0.22,0.217,0.219,0.218,0.236,,,,,,,,,,,,,,,,,,,,,,,
9,9.4,9.4.1,EN_ATM_CO2GDP,Carbon dioxide emissions per unit of GDP PPP (kilogrammes of CO2 per constant 2017 United States dollars),508,Mozambique,G,KG_PER_CON_USD,0.118,0.104,0.1,0.114,0.107,0.09,0.088,0.099,0.091,0.097,0.097,0.115,0.116,0.124,0.133,0.143,0.179,0.171,0.158,0.168,,,,,,,,,,,,,,,,,,,,,,,
9,9.4,9.4.1,EN_ATM_CO2GDP,Carbon dioxide emissions per unit of GDP PPP (kilogrammes of CO2 per constant 2017 United States dollars),104,Myanmar,G,KG_PER_CON_USD,0.182,0.144,0.127,0.141,0.121,0.112,0.092,0.086,0.058,0.05,0.05,0.051,0.065,0.068,0.079,0.083,0.088,0.12,0.116,0.128,,,,,,,,,,,,,,,,,,,,,,,
9,9.4,9.4.1,EN_ATM_CO2GDP,Carbon dioxide emissions per unit of GDP PPP (kilogrammes of CO2 per constant 2017 United States dollars),516,Namibia,G,KG_PER_CON_USD,0.159,0.199,0.164,0.168,0.157,0.163,0.152,0.149,0.164,0.167,0.164,0.158,0.156,0.158,0.154,0.157,0.157,0.158,0.155,0.155,,,,,,,,,,,,,,,,,,,,,,,
9,9.4,9.4.1,EN_ATM_CO2GDP,Carbon dioxide emissions per unit of GDP PPP (kilogrammes of CO2 per constant 2017 United States dollars),524,Nepal,G,KG_PER_CON_USD,0.062,0.064,0.051,0.054,0.047,0.052,0.041,0.041,0.043,0.049,0.056,0.058,0.063,0.061,0.069,0.063,0.094,0.103,0.111,0.089,,,,,,,,,,,,,,,,,,,,,,,
9,9.4,9.4.1,EN_ATM_CO2GDP,Carbon dioxide emissions per unit of GDP PPP (kilogrammes of CO2 per constant 2017 United States dollars),528,Netherlands,G,KG_PER_CON_USD,0.214,0.216,0.216,0.219,0.217,0.207,0.195,0.189,0.186,0.188,0.198,0.18,0.181,0.181,0.17,0.175,0.173,0.165,0.156,0.149,,,,,,,,,,,,,,,,,,,,,,,
9,9.4,9.4.1,EN_ATM_CO2GDP,Carbon dioxide emissions per unit of GDP PPP (kilogrammes of CO2 per constant 2017 United States dollars),554,New Zealand,G,KG_PER_CON_USD,0.228,0.237,0.226,0.229,0.217,0.218,0.213,0.199,0.207,0.189,0.185,0.177,0.183,0.177,0.171,0.166,0.155,0.159,0.151,0.156,,,,,,,,,,,,,,,,,,,,,,,
9,9.4,9.4.1,EN_ATM_CO2GDP,Carbon dioxide emissions per unit of GDP PPP (kilogrammes of CO2 per constant 2017 United States dollars),558,Nicaragua,G,KG_PER_CON_USD,0.176,0.179,0.184,0.196,0.192,0.175,0.177,0.174,0.161,0.163,0.159,0.157,0.146,0.132,0.134,0.143,0.139,0.134,0.129,0.137,,,,,,,,,,,,,,,,,,,,,,,
9,9.4,9.4.1,EN_ATM_CO2GDP,Carbon dioxide emissions per unit of GDP PPP (kilogrammes of CO2 per constant 2017 United States dollars),562,Niger,G,KG_PER_CON_USD,0.062,0.057,0.057,0.061,0.063,0.056,0.053,0.056,0.055,0.068,0.08,0.079,0.097,0.087,0.091,0.088,0.084,0.072,0.07,0.073,,,,,,,,,,,,,,,,,,,,,,,
9,9.4,9.4.1,EN_ATM_CO2GDP,Carbon dioxide emissions per unit of GDP PPP (kilogrammes of CO2 per constant 2017 United States dollars),566,Nigeria,G,KG_PER_CON_USD,0.12,0.128,0.114,0.113,0.104,0.102,0.087,0.076,0.079,0.061,0.073,0.081,0.082,0.09,0.093,0.085,0.09,0.087,0.087,0.089,,,,,,,,,,,,,,,,,,,,,,,
9,9.4,9.4.1,EN_ATM_CO2GDP,Carbon dioxide emissions per unit of GDP PPP (kilogrammes of CO2 per constant 2017 United States dollars),807,North Macedonia,G,KG_PER_CON_USD,0.411,0.432,0.399,0.424,0.392,0.389,0.369,0.365,0.338,0.317,0.3,0.322,0.311,0.27,0.247,0.228,0.216,0.228,0.207,0.23,,,,,,,,,,,,,,,,,,,,,,,
9,9.4,9.4.1,EN_ATM_CO2GDP,Carbon dioxide emissions per unit of GDP PPP (kilogrammes of CO2 per constant 2017 United States dollars),15,Northern Africa,G,KG_PER_CON_USD,0.215,0.223,0.225,0.22,0.224,0.232,0.229,0.226,0.224,0.225,0.222,0.229,0.231,0.23,0.233,0.231,0.226,0.226,0.223,0.222,,,,,,,,,,,,,,,,,,,,,,,
9,9.4,9.4.1,EN_ATM_CO2GDP,Carbon dioxide emissions per unit of GDP PPP (kilogrammes of CO2 per constant 2017 United States dollars),746,Northern Africa (exc. Sudan),G,KG_PER_CON_USD,0.224,0.232,0.234,0.23,0.233,0.242,0.238,0.235,0.233,0.234,0.231,0.239,0.241,0.241,0.245,0.242,0.235,0.236,0.234,0.232,,,,,,,,,,,,,,,,,,,,,,,
9,9.4,9.4.1,EN_ATM_CO2GDP,Carbon dioxide emissions per unit of GDP PPP (kilogrammes of CO2 per constant 2017 United States dollars),747,Northern Africa and Western Asia,G,KG_PER_CON_USD,0.263,0.272,0.277,0.273,0.263,0.263,0.262,0.262,0.266,0.272,0.272,0.268,0.269,0.258,0.26,0.256,0.253,0.253,0.242,0.243,,,,,,,,,,,,,,,,,,,,,,,
9,9.4,9.4.1,EN_ATM_CO2GDP,Carbon dioxide emissions per unit of GDP PPP (kilogrammes of CO2 per constant 2017 United States dollars),21,Northern America,G,KG_PER_CON_USD,0.408,0.401,0.385,0.38,0.37,0.358,0.342,0.341,0.33,0.315,0.321,0.304,0.286,0.288,0.281,0.268,0.259,0.25,0.25,0.237,,,,,,,,,,,,,,,,,,,,,,,
9,9.4,9.4.1,EN_ATM_CO2GDP,Carbon dioxide emissions per unit of GDP PPP (kilogrammes of CO2 per constant 2017 United States dollars),154,Northern Europe,G,KG_PER_CON_USD,0.216,0.217,0.209,0.211,0.202,0.191,0.19,0.181,0.175,0.168,0.174,0.157,0.157,0.151,0.136,0.127,0.122,0.114,0.111,0.103,,,,,,,,,,,,,,,,,,,,,,,
9,9.4,9.4.1,EN_ATM_CO2GDP,Carbon dioxide emissions per unit of GDP PPP (kilogrammes of CO2 per constant 2017 United States dollars),578,Norway,G,KG_PER_CON_USD,0.124,0.126,0.122,0.131,0.128,0.121,0.121,0.12,0.117,0.12,0.133,0.126,0.119,0.121,0.118,0.117,0.113,0.108,0.107,0.101,,,,,,,,,,,,,,,,,,,,,,,
9,9.4,9.4.1,EN_ATM_CO2GDP,Carbon dioxide emissions per unit of GDP PPP (kilogrammes of CO2 per constant 2017 United States dollars),9,Oceania,G,KG_PER_CON_USD,0.432,0.433,0.425,0.414,0.411,0.404,0.398,0.392,0.384,0.382,0.368,0.358,0.346,0.333,0.318,0.316,0.313,0.31,0.299,0.293,,,,,,,,,,,,,,,,,,,,,,,
9,9.4,9.4.1,EN_ATM_CO2GDP,Carbon dioxide emissions per unit of GDP PPP (kilogrammes of CO2 per constant 2017 United States dollars),543,Oceania (exc. Australia and New Zealand),G,KG_PER_CON_USD,0,0,0,0,0,0,0,0,0,0,0,0,0,0,0,0,0,0,0,0,,,,,,,,,,,,,,,,,,,,,,,
9,9.4,9.4.1,EN_ATM_CO2GDP,Carbon dioxide emissions per unit of GDP PPP (kilogrammes of CO2 per constant 2017 United States dollars),512,Oman,G,KG_PER_CON_USD,0.266,0.287,0.311,0.328,0.321,0.314,0.399,0.421,0.379,0.381,0.412,0.462,0.472,0.467,0.486,0.495,0.48,0.479,0.502,0.508,,,,,,,,,,,,,,,,,,,,,,,
9,9.4,9.4.1,EN_ATM_CO2GDP,Carbon dioxide emissions per unit of GDP PPP (kilogrammes of CO2 per constant 2017 United States dollars),586,Pakistan,G,KG_PER_CON_USD,0.204,0.199,0.2,0.194,0.202,0.193,0.198,0.207,0.194,0.194,0.184,0.181,0.177,0.171,0.173,0.177,0.185,0.193,0.17,0.172,,,,,,,,,,,,,,,,,,,,,,,
9,9.4,9.4.1,EN_ATM_CO2GDP,Carbon dioxide emissions per unit of GDP PPP (kilogrammes of CO2 per constant 2017 United States dollars),591,Panama,G,KG_PER_CON_USD,0.111,0.133,0.113,0.109,0.102,0.123,0.12,0.107,0.09,0.109,0.111,0.108,0.101,0.092,0.093,0.087,0.084,0.075,0.072,0.094,,,,,,,,,,,,,,,,,,,,,,,
9,9.4,9.4.1,EN_ATM_CO2GDP,Carbon dioxide emissions per unit of GDP PPP (kilogrammes of CO2 per constant 2017 United States dollars),600,Paraguay,G,KG_PER_CON_USD,0.072,0.076,0.08,0.079,0.077,0.07,0.071,0.064,0.07,0.073,0.074,0.074,0.072,0.07,0.07,0.076,0.082,0.089,0.09,0.088,,,,,,,,,,,,,,,,,,,,,,,
9,9.4,9.4.1,EN_ATM_CO2GDP,Carbon dioxide emissions per unit of GDP PPP (kilogrammes of CO2 per constant 2017 United States dollars),604,Peru,G,KG_PER_CON_USD,0.155,0.142,0.142,0.132,0.146,0.137,0.124,0.126,0.132,0.14,0.142,0.145,0.134,0.129,0.135,0.134,0.136,0.127,0.122,0.125,,,,,,,,,,,,,,,,,,,,,,,
9,9.4,9.4.1,EN_ATM_CO2GDP,Carbon dioxide emissions per unit of GDP PPP (kilogrammes of CO2 per constant 2017 United States dollars),608,Philippines,G,KG_PER_CON_USD,0.193,0.187,0.178,0.175,0.168,0.161,0.14,0.139,0.137,0.136,0.136,0.132,0.128,0.133,0.133,0.136,0.14,0.144,0.141,0.14,,,,,,,,,,,,,,,,,,,,,,,
9,9.4,9.4.1,EN_ATM_CO2GDP,Carbon dioxide emissions per unit of GDP PPP (kilogrammes of CO2 per constant 2017 United States dollars),616,Poland,G,KG_PER_CON_USD,0.466,0.458,0.44,0.441,0.425,0.41,0.402,0.373,0.352,0.331,0.337,0.317,0.306,0.298,0.276,0.268,0.269,0.268,0.253,0.229,,,,,,,,,,,,,,,,,,,,,,,
9,9.4,9.4.1,EN_ATM_CO2GDP,Carbon dioxide emissions per unit of GDP PPP (kilogrammes of CO2 per constant 2017 United States dollars),61,Polynesia,G,KG_PER_CON_USD,NaN,NaN,NaN,NaN,NaN,NaN,NaN,NaN,NaN,NaN,NaN,NaN,NaN,NaN,NaN,NaN,NaN,NaN,NaN,NaN,,,,,,,,,,,,,,,,,,,,,,,
9,9.4,9.4.1,EN_ATM_CO2GDP,Carbon dioxide emissions per unit of GDP PPP (kilogrammes of CO2 per constant 2017 United States dollars),620,Portugal,G,KG_PER_CON_USD,0.185,0.181,0.192,0.179,0.179,0.188,0.17,0.161,0.155,0.161,0.141,0.142,0.144,0.139,0.135,0.146,0.141,0.149,0.135,0.118,,,,,,,,,,,,,,,,,,,,,,,
9,9.4,9.4.1,EN_ATM_CO2GDP,Carbon dioxide emissions per unit of GDP PPP (kilogrammes of CO2 per constant 2017 United States dollars),634,Qatar,G,KG_PER_CON_USD,0.414,0.422,0.465,0.47,0.437,0.437,0.402,0.389,0.353,0.323,0.312,0.312,0.331,0.32,0.327,0.325,0.323,0.332,0.324,0.341,,,,,,,,,,,,,,,,,,,,,,,
9,9.4,9.4.1,EN_ATM_CO2GDP,Carbon dioxide emissions per unit of GDP PPP (kilogrammes of CO2 per constant 2017 United States dollars),410,Republic of Korea,G,KG_PER_CON_USD,0.4,0.394,0.358,0.348,0.348,0.332,0.32,0.311,0.309,0.315,0.323,0.325,0.318,0.308,0.292,0.294,0.289,0.285,0.28,0.265,,,,,,,,,,,,,,,,,,,,,,,
9,9.4,9.4.1,EN_ATM_CO2GDP,Carbon dioxide emissions per unit of GDP PPP (kilogrammes of CO2 per constant 2017 United States dollars),498,Republic of Moldova,G,KG_PER_CON_USD,0.441,0.435,0.41,0.416,0.386,0.374,0.343,0.33,0.303,0.319,0.325,0.306,0.299,0.239,0.246,0.258,0.251,0.234,0.238,0.239,,,,,,,,,,,,,,,,,,,,,,,
9,9.4,9.4.1,EN_ATM_CO2GDP,Carbon dioxide emissions per unit of GDP PPP (kilogrammes of CO2 per constant 2017 United States dollars),642,Romania,G,KG_PER_CON_USD,0.317,0.323,0.301,0.308,0.27,0.256,0.247,0.223,0.202,0.181,0.182,0.193,0.184,0.156,0.149,0.148,0.138,0.133,0.129,0.121,,,,,,,,,,,,,,,,,,,,,,,
9,9.4,9.4.1,EN_ATM_CO2GDP,Carbon dioxide emissions per unit of GDP PPP (kilogrammes of CO2 per constant 2017 United States dollars),643,Russian Federation,G,KG_PER_CON_USD,0.69,0.657,0.624,0.592,0.55,0.515,0.494,0.454,0.437,0.44,0.447,0.45,0.433,0.415,0.408,0.411,0.404,0.404,0.409,0.411,,,,,,,,,,,,,,,,,,,,,,,
9,9.4,9.4.1,EN_ATM_CO2GDP,Carbon dioxide emissions per unit of GDP PPP (kilogrammes of CO2 per constant 2017 United States dollars),682,Saudi Arabia,G,KG_PER_CON_USD,0.271,0.278,0.307,0.288,0.282,0.282,0.291,0.301,0.31,0.33,0.346,0.327,0.331,0.328,0.34,0.342,0.335,0.33,0.307,0.308,,,,,,,,,,,,,,,,,,,,,,,
9,9.4,9.4.1,EN_ATM_CO2GDP,Carbon dioxide emissions per unit of GDP PPP (kilogrammes of CO2 per constant 2017 United States dollars),686,Senegal,G,KG_PER_CON_USD,0.139,0.145,0.148,0.136,0.151,0.151,0.142,0.155,0.157,0.157,0.154,0.161,0.151,0.157,0.164,0.173,0.177,0.158,0.154,0.156,,,,,,,,,,,,,,,,,,,,,,,
9,9.4,9.4.1,EN_ATM_CO2GDP,Carbon dioxide emissions per unit of GDP PPP (kilogrammes of CO2 per constant 2017 United States dollars),688,Serbia,G,KG_PER_CON_USD,0.642,0.629,0.639,0.657,0.651,0.542,0.538,0.49,0.448,0.436,0.435,0.465,0.419,0.414,0.353,0.404,0.402,0.399,0.372,0.355,,,,,,,,,,,,,,,,,,,,,,,
9,9.4,9.4.1,EN_ATM_CO2GDP,Carbon dioxide emissions per unit of GDP PPP (kilogrammes of CO2 per constant 2017 United States dollars),702,Singapore,G,KG_PER_CON_USD,0.186,0.188,0.178,0.157,0.149,0.129,0.119,0.113,0.111,0.112,0.107,0.106,0.099,0.095,0.092,0.092,0.09,0.092,0.086,0.084,,,,,,,,,,,,,,,,,,,,,,,
9,9.4,9.4.1,EN_ATM_CO2GDP,Carbon dioxide emissions per unit of GDP PPP (kilogrammes of CO2 per constant 2017 United States dollars),703,Slovakia,G,KG_PER_CON_USD,0.437,0.429,0.405,0.389,0.358,0.346,0.312,0.275,0.259,0.253,0.252,0.233,0.218,0.22,0.197,0.189,0.19,0.197,0.187,0.171,,,,,,,,,,,,,,,,,,,,,,,
9,9.4,9.4.1,EN_ATM_CO2GDP,Carbon dioxide emissions per unit of GDP PPP (kilogrammes of CO2 per constant 2017 United States dollars),705,Slovenia,G,KG_PER_CON_USD,0.269,0.276,0.27,0.26,0.254,0.248,0.24,0.223,0.23,0.224,0.226,0.223,0.221,0.213,0.186,0.183,0.188,0.182,0.173,0.162,,,,,,,,,,,,,,,,,,,,,,,
9,9.4,9.4.1,EN_ATM_CO2GDP,Carbon dioxide emissions per unit of GDP PPP (kilogrammes of CO2 per constant 2017 United States dollars),722,Small island developing States (SIDS),G,KG_PER_CON_USD,0.228,0.229,0.223,0.213,0.202,0.189,0.18,0.172,0.163,0.159,0.156,0.154,0.148,0.144,0.141,0.141,0.136,0.131,0.127,0.126,,,,,,,,,,,,,,,,,,,,,,,
9,9.4,9.4.1,EN_ATM_CO2GDP,Carbon dioxide emissions per unit of GDP PPP (kilogrammes of CO2 per constant 2017 United States dollars),710,South Africa,G,KG_PER_CON_USD,0.618,0.679,0.676,0.7,0.722,0.68,0.647,0.643,0.671,0.644,0.659,0.614,0.627,0.626,0.631,0.59,0.588,0.594,0.587,0.593,,,,,,,,,,,,,,,,,,,,,,,
9,9.4,9.4.1,EN_ATM_CO2GDP,Carbon dioxide emissions per unit of GDP PPP (kilogrammes of CO2 per constant 2017 United States dollars),5,South America,G,KG_PER_CON_USD,0.19,0.19,0.189,0.183,0.184,0.179,0.174,0.169,0.17,0.166,0.17,0.169,0.174,0.176,0.178,0.175,0.171,0.166,0.159,0.154,,,,,,,,,,,,,,,,,,,,,,,
9,9.4,9.4.1,EN_ATM_CO2GDP,Carbon dioxide emissions per unit of GDP PPP (kilogrammes of CO2 per constant 2017 United States dollars),728,South Sudan,G,KG_PER_CON_USD,NaN,NaN,NaN,NaN,NaN,NaN,NaN,NaN,NaN,NaN,NaN,NaN,NaN,NaN,NaN,NaN,NaN,NaN,NaN,NaN,,,,,,,,,,,,,,,,,,,,,,,
9,9.4,9.4.1,EN_ATM_CO2GDP,Carbon dioxide emissions per unit of GDP PPP (kilogrammes of CO2 per constant 2017 United States dollars),35,South-Eastern Asia,G,KG_PER_CON_USD,0.224,0.229,0.226,0.227,0.228,0.221,0.215,0.214,0.21,0.205,0.208,0.21,0.202,0.193,0.195,0.196,0.187,0.185,0.193,0.2,,,,,,,,,,,,,,,,,,,,,,,
9,9.4,9.4.1,EN_ATM_CO2GDP,Carbon dioxide emissions per unit of GDP PPP (kilogrammes of CO2 per constant 2017 United States dollars),18,Southern Africa,G,KG_PER_CON_USD,0.591,0.649,0.645,0.666,0.686,0.647,0.615,0.61,0.636,0.612,0.623,0.581,0.591,0.591,0.595,0.558,0.555,0.561,0.553,0.558,,,,,,,,,,,,,,,,,,,,,,,
9,9.4,9.4.1,EN_ATM_CO2GDP,Carbon dioxide emissions per unit of GDP PPP (kilogrammes of CO2 per constant 2017 United States dollars),34,Southern Asia,G,KG_PER_CON_USD,0.313,0.309,0.307,0.295,0.296,0.292,0.292,0.297,0.302,0.306,0.297,0.297,0.305,0.299,0.302,0.286,0.269,0.268,0.265,0.257,,,,,,,,,,,,,,,,,,,,,,,
9,9.4,9.4.1,EN_ATM_CO2GDP,Carbon dioxide emissions per unit of GDP PPP (kilogrammes of CO2 per constant 2017 United States dollars),39,Southern Europe,G,KG_PER_CON_USD,0.197,0.193,0.197,0.2,0.201,0.201,0.191,0.188,0.18,0.171,0.167,0.168,0.166,0.156,0.148,0.152,0.147,0.147,0.141,0.133,,,,,,,,,,,,,,,,,,,,,,,
9,9.4,9.4.1,EN_ATM_CO2GDP,Carbon dioxide emissions per unit of GDP PPP (kilogrammes of CO2 per constant 2017 United States dollars),724,Spain,G,KG_PER_CON_USD,0.198,0.191,0.197,0.195,0.2,0.201,0.188,0.189,0.172,0.159,0.151,0.154,0.156,0.143,0.139,0.142,0.133,0.138,0.131,0.12,,,,,,,,,,,,,,,,,,,,,,,
9,9.4,9.4.1,EN_ATM_CO2GDP,Carbon dioxide emissions per unit of GDP PPP (kilogrammes of CO2 per constant 2017 United States dollars),144,Sri Lanka,G,KG_PER_CON_USD,0.094,0.095,0.096,0.099,0.096,0.099,0.081,0.083,0.073,0.068,0.067,0.073,0.073,0.061,0.071,0.078,0.08,0.083,0.074,0.08,,,,,,,,,,,,,,,,,,,,,,,
9,9.4,9.4.1,EN_ATM_CO2GDP,Carbon dioxide emissions per unit of GDP PPP (kilogrammes of CO2 per constant 2017 United States dollars),202,Sub-Saharan Africa,G,KG_PER_CON_USD,0.243,0.257,0.251,0.253,0.253,0.24,0.228,0.222,0.226,0.21,0.214,0.203,0.203,0.203,0.202,0.19,0.189,0.187,0.183,0.183,,,,,,,,,,,,,,,,,,,,,,,
9,9.4,9.4.1,EN_ATM_CO2GDP,Carbon dioxide emissions per unit of GDP PPP (kilogrammes of CO2 per constant 2017 United States dollars),738,Sub-Saharan Africa (inc. Sudan),G,KG_PER_CON_USD,0.236,0.25,0.244,0.246,0.246,0.234,0.223,0.217,0.221,0.206,0.209,0.198,0.199,0.199,0.197,0.186,0.185,0.183,0.18,0.18,,,,,,,,,,,,,,,,,,,,,,,
9,9.4,9.4.1,EN_ATM_CO2GDP,Carbon dioxide emissions per unit of GDP PPP (kilogrammes of CO2 per constant 2017 United States dollars),729,Sudan,G,KG_PER_CON_USD,0.078,0.08,0.093,0.089,0.094,0.103,0.117,0.112,0.113,0.112,0.111,0.104,0.101,0.09,0.089,0.1,0.112,0.106,0.103,0.103,,,,,,,,,,,,,,,,,,,,,,,
9,9.4,9.4.1,EN_ATM_CO2GDP,Carbon dioxide emissions per unit of GDP PPP (kilogrammes of CO2 per constant 2017 United States dollars),740,Suriname,G,KG_PER_CON_USD,0.236,0.233,0.165,0.172,0.18,0.209,0.179,0.157,0.155,0.151,0.173,0.182,0.221,0.201,0.232,0.25,0.287,0.238,0.2,0.238,,,,,,,,,,,,,,,,,,,,,,,
9,9.4,9.4.1,EN_ATM_CO2GDP,Carbon dioxide emissions per unit of GDP PPP (kilogrammes of CO2 per constant 2017 United States dollars),752,Sweden,G,KG_PER_CON_USD,0.144,0.14,0.141,0.141,0.131,0.119,0.111,0.103,0.101,0.098,0.104,0.093,0.088,0.084,0.079,0.075,0.073,0.07,0.065,0.062,,,,,,,,,,,,,,,,,,,,,,,
9,9.4,9.4.1,EN_ATM_CO2GDP,Carbon dioxide emissions per unit of GDP PPP (kilogrammes of CO2 per constant 2017 United States dollars),756,Switzerland,G,KG_PER_CON_USD,0.098,0.1,0.097,0.1,0.098,0.096,0.092,0.084,0.085,0.084,0.084,0.075,0.077,0.077,0.068,0.066,0.066,0.063,0.059,0.059,,,,,,,,,,,,,,,,,,,,,,,
9,9.4,9.4.1,EN_ATM_CO2GDP,Carbon dioxide emissions per unit of GDP PPP (kilogrammes of CO2 per constant 2017 United States dollars),760,Syrian Arab Republic,G,KG_PER_CON_USD,0.885,0.896,0.866,0.889,0.883,1.046,1.056,1.057,1.044,0.908,0.882,0.992,0.789,0.492,0.436,0.569,0.657,0.745,0.709,0.638,,,,,,,,,,,,,,,,,,,,,,,
9,9.4,9.4.1,EN_ATM_CO2GDP,Carbon dioxide emissions per unit of GDP PPP (kilogrammes of CO2 per constant 2017 United States dollars),762,Tajikistan,G,KG_PER_CON_USD,0.264,0.234,0.209,0.189,0.204,0.18,0.182,0.207,0.181,0.137,0.128,0.125,0.139,0.135,0.169,0.167,0.201,0.202,0.219,0.226,,,,,,,,,,,,,,,,,,,,,,,
9,9.4,9.4.1,EN_ATM_CO2GDP,Carbon dioxide emissions per unit of GDP PPP (kilogrammes of CO2 per constant 2017 United States dollars),764,Thailand,G,KG_PER_CON_USD,0.248,0.252,0.252,0.245,0.252,0.25,0.24,0.235,0.236,0.229,0.229,0.226,0.226,0.228,0.222,0.222,0.211,0.202,0.192,0.196,,,,,,,,,,,,,,,,,,,,,,,
9,9.4,9.4.1,EN_ATM_CO2GDP,Carbon dioxide emissions per unit of GDP PPP (kilogrammes of CO2 per constant 2017 United States dollars),768,Togo,G,KG_PER_CON_USD,0.113,0.093,0.097,0.117,0.111,0.109,0.098,0.1,0.118,0.232,0.199,0.17,0.138,0.102,0.087,0.072,0.1,0.081,0.089,0.087,,,,,,,,,,,,,,,,,,,,,,,
9,9.4,9.4.1,EN_ATM_CO2GDP,Carbon dioxide emissions per unit of GDP PPP (kilogrammes of CO2 per constant 2017 United States dollars),780,Trinidad and Tobago,G,KG_PER_CON_USD,0.453,0.498,0.508,0.543,0.525,0.538,0.541,0.527,0.497,0.498,0.547,0.564,0.534,0.539,0.541,0.517,0.47,0.483,0.471,0.461,,,,,,,,,,,,,,,,,,,,,,,
9,9.4,9.4.1,EN_ATM_CO2GDP,Carbon dioxide emissions per unit of GDP PPP (kilogrammes of CO2 per constant 2017 United States dollars),788,Tunisia,G,KG_PER_CON_USD,0.248,0.251,0.248,0.234,0.229,0.226,0.222,0.217,0.209,0.203,0.217,0.211,0.214,0.209,0.216,0.218,0.212,0.216,0.21,0.208,,,,,,,,,,,,,,,,,,,,,,,
9,9.4,9.4.1,EN_ATM_CO2GDP,Carbon dioxide emissions per unit of GDP PPP (kilogrammes of CO2 per constant 2017 United States dollars),792,Turkey,G,KG_PER_CON_USD,0.206,0.199,0.197,0.196,0.182,0.174,0.181,0.191,0.187,0.196,0.185,0.178,0.177,0.156,0.16,0.156,0.161,0.167,0.161,0.156,,,,,,,,,,,,,,,,,,,,,,,
9,9.4,9.4.1,EN_ATM_CO2GDP,Carbon dioxide emissions per unit of GDP PPP (kilogrammes of CO2 per constant 2017 United States dollars),795,Turkmenistan,G,KG_PER_CON_USD,1.757,1.713,1.796,1.931,1.968,1.799,1.658,1.698,1.492,1.245,1.298,1.229,1.147,1.064,0.987,0.956,0.898,0.844,0.796,0.75,,,,,,,,,,,,,,,,,,,,,,,
9,9.4,9.4.1,EN_ATM_CO2GDP,Carbon dioxide emissions per unit of GDP PPP (kilogrammes of CO2 per constant 2017 United States dollars),804,Ukraine,G,KG_PER_CON_USD,0.831,0.769,0.738,0.731,0.604,0.563,0.538,0.513,0.483,0.479,0.492,0.49,0.479,0.467,0.439,0.389,0.402,0.339,0.348,0.317,,,,,,,,,,,,,,,,,,,,,,,
9,9.4,9.4.1,EN_ATM_CO2GDP,Carbon dioxide emissions per unit of GDP PPP (kilogrammes of CO2 per constant 2017 United States dollars),784,United Arab Emirates,G,KG_PER_CON_USD,0.249,0.285,0.284,0.272,0.264,0.267,0.251,0.263,0.301,0.321,0.329,0.315,0.321,0.32,0.306,0.308,0.308,0.294,0.258,0.271,,,,,,,,,,,,,,,,,,,,,,,
9,9.4,9.4.1,EN_ATM_CO2GDP,Carbon dioxide emissions per unit of GDP PPP (kilogrammes of CO2 per constant 2017 United States dollars),826,United Kingdom of Great Britain and Northern Ireland,G,KG_PER_CON_USD,0.231,0.231,0.22,0.218,0.213,0.206,0.202,0.193,0.188,0.178,0.18,0.164,0.17,0.161,0.143,0.135,0.126,0.119,0.116,0.11,,,,,,,,,,,,,,,,,,,,,,,
9,9.4,9.4.1,EN_ATM_CO2GDP,Carbon dioxide emissions per unit of GDP PPP (kilogrammes of CO2 per constant 2017 United States dollars),834,United Republic of Tanzania,G,KG_PER_CON_USD,0.057,0.057,0.061,0.059,0.076,0.08,0.081,0.072,0.07,0.064,0.07,0.078,0.091,0.095,0.087,0.089,0.077,0.076,0.072,0.071,,,,,,,,,,,,,,,,,,,,,,,
9,9.4,9.4.1,EN_ATM_CO2GDP,Carbon dioxide emissions per unit of GDP PPP (kilogrammes of CO2 per constant 2017 United States dollars),840,United States of America,G,KG_PER_CON_USD,0.405,0.399,0.382,0.375,0.367,0.355,0.339,0.338,0.328,0.313,0.319,0.301,0.281,0.284,0.277,0.262,0.253,0.244,0.244,0.231,,,,,,,,,,,,,,,,,,,,,,,
9,9.4,9.4.1,EN_ATM_CO2GDP,Carbon dioxide emissions per unit of GDP PPP (kilogrammes of CO2 per constant 2017 United States dollars),858,Uruguay,G,KG_PER_CON_USD,0.107,0.097,0.096,0.094,0.115,0.106,0.12,0.104,0.13,0.121,0.092,0.106,0.116,0.095,0.081,0.082,0.08,0.073,0.078,0.077,,,,,,,,,,,,,,,,,,,,,,,
9,9.4,9.4.1,EN_ATM_CO2GDP,Carbon dioxide emissions per unit of GDP PPP (kilogrammes of CO2 per constant 2017 United States dollars),860,Uzbekistan,G,KG_PER_CON_USD,1.747,1.685,1.659,1.496,1.428,1.259,1.252,1.109,1.061,0.896,0.903,0.858,0.696,0.643,0.561,0.493,0.495,0.495,0.483,0.475,,,,,,,,,,,,,,,,,,,,,,,
9,9.4,9.4.1,EN_ATM_CO2GDP,Carbon dioxide emissions per unit of GDP PPP (kilogrammes of CO2 per constant 2017 United States dollars),862,Venezuela (Bolivarian Republic of),G,KG_PER_CON_USD,NaN,NaN,NaN,NaN,NaN,NaN,NaN,NaN,NaN,NaN,NaN,NaN,NaN,NaN,NaN,NaN,NaN,NaN,NaN,NaN,,,,,,,,,,,,,,,,,,,,,,,
9,9.4,9.4.1,EN_ATM_CO2GDP,Carbon dioxide emissions per unit of GDP PPP (kilogrammes of CO2 per constant 2017 United States dollars),704,Viet Nam,G,KG_PER_CON_USD,0.187,0.195,0.215,0.212,0.24,0.24,0.231,0.238,0.254,0.266,0.283,0.266,0.251,0.25,0.261,0.309,0.292,0.275,0.324,0.364,,,,,,,,,,,,,,,,,,,,,,,
9,9.4,9.4.1,EN_ATM_CO2GDP,Carbon dioxide emissions per unit of GDP PPP (kilogrammes of CO2 per constant 2017 United States dollars),11,Western Africa,G,KG_PER_CON_USD,0.113,0.119,0.112,0.109,0.103,0.102,0.092,0.085,0.087,0.075,0.084,0.089,0.091,0.096,0.098,0.093,0.097,0.094,0.093,0.095,,,,,,,,,,,,,,,,,,,,,,,
9,9.4,9.4.1,EN_ATM_CO2GDP,Carbon dioxide emissions per unit of GDP PPP (kilogrammes of CO2 per constant 2017 United States dollars),145,Western Asia,G,KG_PER_CON_USD,0.281,0.291,0.298,0.294,0.278,0.275,0.275,0.276,0.282,0.292,0.293,0.282,0.283,0.268,0.269,0.265,0.262,0.262,0.249,0.251,,,,,,,,,,,,,,,,,,,,,,,
9,9.4,9.4.1,EN_ATM_CO2GDP,Carbon dioxide emissions per unit of GDP PPP (kilogrammes of CO2 per constant 2017 United States dollars),485,"Western Asia (exc. Armenia, Azerbaijan, Cyprus, Israel and Georgia)",G,KG_PER_CON_USD,0.275,0.287,0.295,0.291,0.275,0.273,0.275,0.279,0.286,0.299,0.301,0.288,0.288,0.274,0.276,0.272,0.268,0.269,0.256,0.259,,,,,,,,,,,,,,,,,,,,,,,
9,9.4,9.4.1,EN_ATM_CO2GDP,Carbon dioxide emissions per unit of GDP PPP (kilogrammes of CO2 per constant 2017 United States dollars),155,Western Europe,G,KG_PER_CON_USD,0.196,0.197,0.193,0.196,0.19,0.185,0.178,0.168,0.167,0.164,0.167,0.155,0.156,0.157,0.145,0.145,0.143,0.139,0.132,0.125,,,,,,,,,,,,,,,,,,,,,,,
9,9.4,9.4.1,EN_ATM_CO2GDP,Carbon dioxide emissions per unit of GDP PPP (kilogrammes of CO2 per constant 2017 United States dollars),1,World,G,KG_PER_CON_USD,0.349,0.346,0.342,0.344,0.343,0.34,0.333,0.329,0.323,0.32,0.324,0.321,0.314,0.31,0.3,0.29,0.281,0.275,0.271,0.264,,,,,,,,,,,,,,,,,,,,,,,
9,9.4,9.4.1,EN_ATM_CO2GDP,Carbon dioxide emissions per unit of GDP PPP (kilogrammes of CO2 per constant 2017 United States dollars),887,Yemen,G,KG_PER_CON_USD,NaN,NaN,NaN,NaN,NaN,NaN,NaN,NaN,NaN,NaN,NaN,NaN,NaN,NaN,NaN,NaN,NaN,NaN,NaN,NaN,,,,,,,,,,,,,,,,,,,,,,,
9,9.4,9.4.1,EN_ATM_CO2GDP,Carbon dioxide emissions per unit of GDP PPP (kilogrammes of CO2 per constant 2017 United States dollars),894,Zambia,G,KG_PER_CON_USD,0.08,0.08,0.08,0.08,0.075,0.076,0.065,0.054,0.056,0.056,0.052,0.058,0.071,0.07,0.074,0.078,0.08,0.101,0.109,0.093,,,,,,,,,,,,,,,,,,,,,,,
9,9.4,9.4.1,EN_ATM_CO2GDP,Carbon dioxide emissions per unit of GDP PPP (kilogrammes of CO2 per constant 2017 United States dollars),716,Zimbabwe,G,KG_PER_CON_USD,0.298,0.3,0.297,0.293,0.297,0.338,0.326,0.34,0.32,0.287,0.298,0.309,0.275,0.279,0.267,0.268,0.233,0.207,0.242,0.249,,,,,,,,,,,,,,,,,,,,,,,